<?xml version="1.0" encoding="UTF-8"?>
<TrainingCenterDatabase xmlns="http://www.garmin.com/xmlschemas/TrainingCenterDatabase/v2">
  <Activities>
    <Activity Sport="Running">
      <Id>2025-03-09T07:00:00Z</Id>
      <Lap StartTime="2025-03-09T07:00:00Z">
        <Calories>320</Calories>
        <Track>
          <Trackpoint><Time>2025-03-09T07:00:00Z</Time><Position><LatitudeDegrees>48.856600</LatitudeDegrees><LongitudeDegrees>2.352200</LongitudeDegrees></Position><AltitudeMeters>35</AltitudeMeters><DistanceMeters>0</DistanceMeters><HeartRateBpm><Value>140</Value></HeartRateBpm></Trackpoint>
          <Trackpoint><Time>2025-03-09T07:00:05Z</Time><Position><LatitudeDegrees>48.856735</LatitudeDegrees><LongitudeDegrees>2.352202</LongitudeDegrees></Position><AltitudeMeters>35.2</AltitudeMeters><DistanceMeters>15</DistanceMeters><HeartRateBpm><Value>140</Value></HeartRateBpm></Trackpoint>
          <Trackpoint><Time>2025-03-09T07:00:10Z</Time><Position><LatitudeDegrees>48.856869</LatitudeDegrees><LongitudeDegrees>2.352207</LongitudeDegrees></Position><AltitudeMeters>35.4</AltitudeMeters><DistanceMeters>30</DistanceMeters><HeartRateBpm><Value>140</Value></HeartRateBpm></Trackpoint>
          <Trackpoint><Time>2025-03-09T07:00:15Z</Time><Position><LatitudeDegrees>48.857004</LatitudeDegrees><LongitudeDegrees>2.352216</LongitudeDegrees></Position><AltitudeMeters>35.6</AltitudeMeters><DistanceMeters>45</DistanceMeters><HeartRateBpm><Value>141</Value></HeartRateBpm></Trackpoint>
          <Trackpoint><Time>2025-03-09T07:00:20Z</Time><Position><LatitudeDegrees>48.857139</LatitudeDegrees><LongitudeDegrees>2.352229</LongitudeDegrees></Position><AltitudeMeters>35.8</AltitudeMeters><DistanceMeters>60</DistanceMeters><HeartRateBpm><Value>141</Value></HeartRateBpm></Trackpoint>
          <Trackpoint><Time>2025-03-09T07:00:25Z</Time><Position><LatitudeDegrees>48.857273</LatitudeDegrees><LongitudeDegrees>2.352245</LongitudeDegrees></Position><AltitudeMeters>36.1</AltitudeMeters><DistanceMeters>75</DistanceMeters><HeartRateBpm><Value>141</Value></HeartRateBpm></Trackpoint>
          <Trackpoint><Time>2025-03-09T07:00:30Z</Time><Position><LatitudeDegrees>48.857407</LatitudeDegrees><LongitudeDegrees>2.352265</LongitudeDegrees></Position><AltitudeMeters>36.3</AltitudeMeters><DistanceMeters>90</DistanceMeters><HeartRateBpm><Value>141</Value></HeartRateBpm></Trackpoint>
          <Trackpoint><Time>2025-03-09T07:00:35Z</Time><Position><LatitudeDegrees>48.857541</LatitudeDegrees><LongitudeDegrees>2.352288</LongitudeDegrees></Position><AltitudeMeters>36.5</AltitudeMeters><DistanceMeters>105</DistanceMeters><HeartRateBpm><Value>141</Value></HeartRateBpm></Trackpoint>
          <Trackpoint><Time>2025-03-09T07:00:40Z</Time><Position><LatitudeDegrees>48.857675</LatitudeDegrees><LongitudeDegrees>2.352315</LongitudeDegrees></Position><AltitudeMeters>36.7</AltitudeMeters><DistanceMeters>120</DistanceMeters><HeartRateBpm><Value>141</Value></HeartRateBpm></Trackpoint>
          <Trackpoint><Time>2025-03-09T07:00:45Z</Time><Position><LatitudeDegrees>48.857808</LatitudeDegrees><LongitudeDegrees>2.352346</LongitudeDegrees></Position><AltitudeMeters>36.9</AltitudeMeters><DistanceMeters>135</DistanceMeters><HeartRateBpm><Value>142</Value></HeartRateBpm></Trackpoint>
          <Trackpoint><Time>2025-03-09T07:00:50Z</Time><Position><LatitudeDegrees>48.857941</LatitudeDegrees><LongitudeDegrees>2.352380</LongitudeDegrees></Position><AltitudeMeters>37.1</AltitudeMeters><DistanceMeters>150</DistanceMeters><HeartRateBpm><Value>142</Value></HeartRateBpm></Trackpoint>
          <Trackpoint><Time>2025-03-09T07:00:55Z</Time><Position><LatitudeDegrees>48.858073</LatitudeDegrees><LongitudeDegrees>2.352418</LongitudeDegrees></Position><AltitudeMeters>37.3</AltitudeMeters><DistanceMeters>165</DistanceMeters><HeartRateBpm><Value>142</Value></HeartRateBpm></Trackpoint>
          <Trackpoint><Time>2025-03-09T07:01:00Z</Time><Position><LatitudeDegrees>48.858205</LatitudeDegrees><LongitudeDegrees>2.352459</LongitudeDegrees></Position><AltitudeMeters>37.5</AltitudeMeters><DistanceMeters>180</DistanceMeters><HeartRateBpm><Value>142</Value></HeartRateBpm></Trackpoint>
          <Trackpoint><Time>2025-03-09T07:01:05Z</Time><Position><LatitudeDegrees>48.858337</LatitudeDegrees><LongitudeDegrees>2.352504</LongitudeDegrees></Position><AltitudeMeters>37.7</AltitudeMeters><DistanceMeters>195</DistanceMeters><HeartRateBpm><Value>142</Value></HeartRateBpm></Trackpoint>
          <Trackpoint><Time>2025-03-09T07:01:10Z</Time><Position><LatitudeDegrees>48.858468</LatitudeDegrees><LongitudeDegrees>2.352552</LongitudeDegrees></Position><AltitudeMeters>37.8</AltitudeMeters><DistanceMeters>210</DistanceMeters><HeartRateBpm><Value>142</Value></HeartRateBpm></Trackpoint>
          <Trackpoint><Time>2025-03-09T07:01:15Z</Time><Position><LatitudeDegrees>48.858598</LatitudeDegrees><LongitudeDegrees>2.352604</LongitudeDegrees></Position><AltitudeMeters>38</AltitudeMeters><DistanceMeters>225</DistanceMeters><HeartRateBpm><Value>143</Value></HeartRateBpm></Trackpoint>
          <Trackpoint><Time>2025-03-09T07:01:20Z</Time><Position><LatitudeDegrees>48.858728</LatitudeDegrees><LongitudeDegrees>2.352660</LongitudeDegrees></Position><AltitudeMeters>38.2</AltitudeMeters><DistanceMeters>240</DistanceMeters><HeartRateBpm><Value>143</Value></HeartRateBpm></Trackpoint>
          <Trackpoint><Time>2025-03-09T07:01:25Z</Time><Position><LatitudeDegrees>48.858857</LatitudeDegrees><LongitudeDegrees>2.352718</LongitudeDegrees></Position><AltitudeMeters>38.4</AltitudeMeters><DistanceMeters>255</DistanceMeters><HeartRateBpm><Value>143</Value></HeartRateBpm></Trackpoint>
          <Trackpoint><Time>2025-03-09T07:01:30Z</Time><Position><LatitudeDegrees>48.858985</LatitudeDegrees><LongitudeDegrees>2.352781</LongitudeDegrees></Position><AltitudeMeters>38.6</AltitudeMeters><DistanceMeters>270</DistanceMeters><HeartRateBpm><Value>143</Value></HeartRateBpm></Trackpoint>
          <Trackpoint><Time>2025-03-09T07:01:35Z</Time><Position><LatitudeDegrees>48.859113</LatitudeDegrees><LongitudeDegrees>2.352846</LongitudeDegrees></Position><AltitudeMeters>38.7</AltitudeMeters><DistanceMeters>285</DistanceMeters><HeartRateBpm><Value>143</Value></HeartRateBpm></Trackpoint>
          <Trackpoint><Time>2025-03-09T07:01:40Z</Time><Position><LatitudeDegrees>48.859240</LatitudeDegrees><LongitudeDegrees>2.352916</LongitudeDegrees></Position><AltitudeMeters>38.9</AltitudeMeters><DistanceMeters>300</DistanceMeters><HeartRateBpm><Value>143</Value></HeartRateBpm></Trackpoint>
          <Trackpoint><Time>2025-03-09T07:01:45Z</Time><Position><LatitudeDegrees>48.859366</LatitudeDegrees><LongitudeDegrees>2.352988</LongitudeDegrees></Position><AltitudeMeters>39.1</AltitudeMeters><DistanceMeters>315</DistanceMeters><HeartRateBpm><Value>144</Value></HeartRateBpm></Trackpoint>
          <Trackpoint><Time>2025-03-09T07:01:50Z</Time><Position><LatitudeDegrees>48.859491</LatitudeDegrees><LongitudeDegrees>2.353064</LongitudeDegrees></Position><AltitudeMeters>39.2</AltitudeMeters><DistanceMeters>330</DistanceMeters><HeartRateBpm><Value>144</Value></HeartRateBpm></Trackpoint>
          <Trackpoint><Time>2025-03-09T07:01:55Z</Time><Position><LatitudeDegrees>48.859615</LatitudeDegrees><LongitudeDegrees>2.353143</LongitudeDegrees></Position><AltitudeMeters>39.4</AltitudeMeters><DistanceMeters>345</DistanceMeters><HeartRateBpm><Value>144</Value></HeartRateBpm></Trackpoint>
          <Trackpoint><Time>2025-03-09T07:02:00Z</Time><Position><LatitudeDegrees>48.859738</LatitudeDegrees><LongitudeDegrees>2.353226</LongitudeDegrees></Position><AltitudeMeters>39.5</AltitudeMeters><DistanceMeters>360</DistanceMeters><HeartRateBpm><Value>144</Value></HeartRateBpm></Trackpoint>
          <Trackpoint><Time>2025-03-09T07:02:05Z</Time><Position><LatitudeDegrees>48.859861</LatitudeDegrees><LongitudeDegrees>2.353311</LongitudeDegrees></Position><AltitudeMeters>39.6</AltitudeMeters><DistanceMeters>375</DistanceMeters><HeartRateBpm><Value>144</Value></HeartRateBpm></Trackpoint>
          <Trackpoint><Time>2025-03-09T07:02:10Z</Time><Position><LatitudeDegrees>48.859982</LatitudeDegrees><LongitudeDegrees>2.353401</LongitudeDegrees></Position><AltitudeMeters>39.8</AltitudeMeters><DistanceMeters>390</DistanceMeters><HeartRateBpm><Value>144</Value></HeartRateBpm></Trackpoint>
          <Trackpoint><Time>2025-03-09T07:02:15Z</Time><Position><LatitudeDegrees>48.860102</LatitudeDegrees><LongitudeDegrees>2.353493</LongitudeDegrees></Position><AltitudeMeters>39.9</AltitudeMeters><DistanceMeters>405</DistanceMeters><HeartRateBpm><Value>145</Value></HeartRateBpm></Trackpoint>
          <Trackpoint><Time>2025-03-09T07:02:20Z</Time><Position><LatitudeDegrees>48.860222</LatitudeDegrees><LongitudeDegrees>2.353588</LongitudeDegrees></Position><AltitudeMeters>40</AltitudeMeters><DistanceMeters>420</DistanceMeters><HeartRateBpm><Value>145</Value></HeartRateBpm></Trackpoint>
          <Trackpoint><Time>2025-03-09T07:02:25Z</Time><Position><LatitudeDegrees>48.860340</LatitudeDegrees><LongitudeDegrees>2.353687</LongitudeDegrees></Position><AltitudeMeters>40.1</AltitudeMeters><DistanceMeters>435</DistanceMeters><HeartRateBpm><Value>145</Value></HeartRateBpm></Trackpoint>
          <Trackpoint><Time>2025-03-09T07:02:30Z</Time><Position><LatitudeDegrees>48.860457</LatitudeDegrees><LongitudeDegrees>2.353789</LongitudeDegrees></Position><AltitudeMeters>40.2</AltitudeMeters><DistanceMeters>450</DistanceMeters><HeartRateBpm><Value>145</Value></HeartRateBpm></Trackpoint>
          <Trackpoint><Time>2025-03-09T07:02:35Z</Time><Position><LatitudeDegrees>48.860572</LatitudeDegrees><LongitudeDegrees>2.353894</LongitudeDegrees></Position><AltitudeMeters>40.3</AltitudeMeters><DistanceMeters>465</DistanceMeters><HeartRateBpm><Value>145</Value></HeartRateBpm></Trackpoint>
          <Trackpoint><Time>2025-03-09T07:02:40Z</Time><Position><LatitudeDegrees>48.860687</LatitudeDegrees><LongitudeDegrees>2.354002</LongitudeDegrees></Position><AltitudeMeters>40.4</AltitudeMeters><DistanceMeters>480</DistanceMeters><HeartRateBpm><Value>145</Value></HeartRateBpm></Trackpoint>
          <Trackpoint><Time>2025-03-09T07:02:45Z</Time><Position><LatitudeDegrees>48.860800</LatitudeDegrees><LongitudeDegrees>2.354113</LongitudeDegrees></Position><AltitudeMeters>40.5</AltitudeMeters><DistanceMeters>495</DistanceMeters><HeartRateBpm><Value>146</Value></HeartRateBpm></Trackpoint>
          <Trackpoint><Time>2025-03-09T07:02:50Z</Time><Position><LatitudeDegrees>48.860912</LatitudeDegrees><LongitudeDegrees>2.354228</LongitudeDegrees></Position><AltitudeMeters>40.6</AltitudeMeters><DistanceMeters>510</DistanceMeters><HeartRateBpm><Value>146</Value></HeartRateBpm></Trackpoint>
          <Trackpoint><Time>2025-03-09T07:02:55Z</Time><Position><LatitudeDegrees>48.861022</LatitudeDegrees><LongitudeDegrees>2.354345</LongitudeDegrees></Position><AltitudeMeters>40.7</AltitudeMeters><DistanceMeters>525</DistanceMeters><HeartRateBpm><Value>146</Value></HeartRateBpm></Trackpoint>
          <Trackpoint><Time>2025-03-09T07:03:00Z</Time><Position><LatitudeDegrees>48.861132</LatitudeDegrees><LongitudeDegrees>2.354465</LongitudeDegrees></Position><AltitudeMeters>40.7</AltitudeMeters><DistanceMeters>540</DistanceMeters><HeartRateBpm><Value>146</Value></HeartRateBpm></Trackpoint>
          <Trackpoint><Time>2025-03-09T07:03:05Z</Time><Position><LatitudeDegrees>48.861239</LatitudeDegrees><LongitudeDegrees>2.354588</LongitudeDegrees></Position><AltitudeMeters>40.8</AltitudeMeters><DistanceMeters>555</DistanceMeters><HeartRateBpm><Value>146</Value></HeartRateBpm></Trackpoint>
          <Trackpoint><Time>2025-03-09T07:03:10Z</Time><Position><LatitudeDegrees>48.861346</LatitudeDegrees><LongitudeDegrees>2.354714</LongitudeDegrees></Position><AltitudeMeters>40.8</AltitudeMeters><DistanceMeters>570</DistanceMeters><HeartRateBpm><Value>146</Value></HeartRateBpm></Trackpoint>
          <Trackpoint><Time>2025-03-09T07:03:15Z</Time><Position><LatitudeDegrees>48.861451</LatitudeDegrees><LongitudeDegrees>2.354842</LongitudeDegrees></Position><AltitudeMeters>40.9</AltitudeMeters><DistanceMeters>585</DistanceMeters><HeartRateBpm><Value>146</Value></HeartRateBpm></Trackpoint>
          <Trackpoint><Time>2025-03-09T07:03:20Z</Time><Position><LatitudeDegrees>48.861554</LatitudeDegrees><LongitudeDegrees>2.354974</LongitudeDegrees></Position><AltitudeMeters>40.9</AltitudeMeters><DistanceMeters>600</DistanceMeters><HeartRateBpm><Value>146</Value></HeartRateBpm></Trackpoint>
          <Trackpoint><Time>2025-03-09T07:03:25Z</Time><Position><LatitudeDegrees>48.861656</LatitudeDegrees><LongitudeDegrees>2.355108</LongitudeDegrees></Position><AltitudeMeters>41</AltitudeMeters><DistanceMeters>615</DistanceMeters><HeartRateBpm><Value>147</Value></HeartRateBpm></Trackpoint>
          <Trackpoint><Time>2025-03-09T07:03:30Z</Time><Position><LatitudeDegrees>48.861756</LatitudeDegrees><LongitudeDegrees>2.355245</LongitudeDegrees></Position><AltitudeMeters>41</AltitudeMeters><DistanceMeters>630</DistanceMeters><HeartRateBpm><Value>147</Value></HeartRateBpm></Trackpoint>
          <Trackpoint><Time>2025-03-09T07:03:35Z</Time><Position><LatitudeDegrees>48.861854</LatitudeDegrees><LongitudeDegrees>2.355385</LongitudeDegrees></Position><AltitudeMeters>41</AltitudeMeters><DistanceMeters>645</DistanceMeters><HeartRateBpm><Value>147</Value></HeartRateBpm></Trackpoint>
          <Trackpoint><Time>2025-03-09T07:03:40Z</Time><Position><LatitudeDegrees>48.861951</LatitudeDegrees><LongitudeDegrees>2.355527</LongitudeDegrees></Position><AltitudeMeters>41</AltitudeMeters><DistanceMeters>660</DistanceMeters><HeartRateBpm><Value>147</Value></HeartRateBpm></Trackpoint>
          <Trackpoint><Time>2025-03-09T07:03:45Z</Time><Position><LatitudeDegrees>48.862047</LatitudeDegrees><LongitudeDegrees>2.355672</LongitudeDegrees></Position><AltitudeMeters>41</AltitudeMeters><DistanceMeters>675</DistanceMeters><HeartRateBpm><Value>147</Value></HeartRateBpm></Trackpoint>
          <Trackpoint><Time>2025-03-09T07:03:50Z</Time><Position><LatitudeDegrees>48.862140</LatitudeDegrees><LongitudeDegrees>2.355819</LongitudeDegrees></Position><AltitudeMeters>41</AltitudeMeters><DistanceMeters>690</DistanceMeters><HeartRateBpm><Value>147</Value></HeartRateBpm></Trackpoint>
          <Trackpoint><Time>2025-03-09T07:03:55Z</Time><Position><LatitudeDegrees>48.862232</LatitudeDegrees><LongitudeDegrees>2.355969</LongitudeDegrees></Position><AltitudeMeters>41</AltitudeMeters><DistanceMeters>705</DistanceMeters><HeartRateBpm><Value>147</Value></HeartRateBpm></Trackpoint>
          <Trackpoint><Time>2025-03-09T07:04:00Z</Time><Position><LatitudeDegrees>48.862322</LatitudeDegrees><LongitudeDegrees>2.356121</LongitudeDegrees></Position><AltitudeMeters>41</AltitudeMeters><DistanceMeters>720</DistanceMeters><HeartRateBpm><Value>147</Value></HeartRateBpm></Trackpoint>
          <Trackpoint><Time>2025-03-09T07:04:05Z</Time><Position><LatitudeDegrees>48.862411</LatitudeDegrees><LongitudeDegrees>2.356276</LongitudeDegrees></Position><AltitudeMeters>40.9</AltitudeMeters><DistanceMeters>735</DistanceMeters><HeartRateBpm><Value>148</Value></HeartRateBpm></Trackpoint>
          <Trackpoint><Time>2025-03-09T07:04:10Z</Time><Position><LatitudeDegrees>48.862497</LatitudeDegrees><LongitudeDegrees>2.356433</LongitudeDegrees></Position><AltitudeMeters>40.9</AltitudeMeters><DistanceMeters>750</DistanceMeters><HeartRateBpm><Value>148</Value></HeartRateBpm></Trackpoint>
          <Trackpoint><Time>2025-03-09T07:04:15Z</Time><Position><LatitudeDegrees>48.862582</LatitudeDegrees><LongitudeDegrees>2.356592</LongitudeDegrees></Position><AltitudeMeters>40.8</AltitudeMeters><DistanceMeters>765</DistanceMeters><HeartRateBpm><Value>148</Value></HeartRateBpm></Trackpoint>
          <Trackpoint><Time>2025-03-09T07:04:20Z</Time><Position><LatitudeDegrees>48.862665</LatitudeDegrees><LongitudeDegrees>2.356754</LongitudeDegrees></Position><AltitudeMeters>40.8</AltitudeMeters><DistanceMeters>780</DistanceMeters><HeartRateBpm><Value>148</Value></HeartRateBpm></Trackpoint>
          <Trackpoint><Time>2025-03-09T07:04:25Z</Time><Position><LatitudeDegrees>48.862746</LatitudeDegrees><LongitudeDegrees>2.356918</LongitudeDegrees></Position><AltitudeMeters>40.7</AltitudeMeters><DistanceMeters>795</DistanceMeters><HeartRateBpm><Value>148</Value></HeartRateBpm></Trackpoint>
          <Trackpoint><Time>2025-03-09T07:04:30Z</Time><Position><LatitudeDegrees>48.862825</LatitudeDegrees><LongitudeDegrees>2.357084</LongitudeDegrees></Position><AltitudeMeters>40.7</AltitudeMeters><DistanceMeters>810</DistanceMeters><HeartRateBpm><Value>148</Value></HeartRateBpm></Trackpoint>
          <Trackpoint><Time>2025-03-09T07:04:35Z</Time><Position><LatitudeDegrees>48.862902</LatitudeDegrees><LongitudeDegrees>2.357252</LongitudeDegrees></Position><AltitudeMeters>40.6</AltitudeMeters><DistanceMeters>825</DistanceMeters><HeartRateBpm><Value>148</Value></HeartRateBpm></Trackpoint>
          <Trackpoint><Time>2025-03-09T07:04:40Z</Time><Position><LatitudeDegrees>48.862977</LatitudeDegrees><LongitudeDegrees>2.357422</LongitudeDegrees></Position><AltitudeMeters>40.5</AltitudeMeters><DistanceMeters>840</DistanceMeters><HeartRateBpm><Value>148</Value></HeartRateBpm></Trackpoint>
          <Trackpoint><Time>2025-03-09T07:04:45Z</Time><Position><LatitudeDegrees>48.863050</LatitudeDegrees><LongitudeDegrees>2.357594</LongitudeDegrees></Position><AltitudeMeters>40.4</AltitudeMeters><DistanceMeters>855</DistanceMeters><HeartRateBpm><Value>148</Value></HeartRateBpm></Trackpoint>
          <Trackpoint><Time>2025-03-09T07:04:50Z</Time><Position><LatitudeDegrees>48.863121</LatitudeDegrees><LongitudeDegrees>2.357768</LongitudeDegrees></Position><AltitudeMeters>40.3</AltitudeMeters><DistanceMeters>870</DistanceMeters><HeartRateBpm><Value>149</Value></HeartRateBpm></Trackpoint>
          <Trackpoint><Time>2025-03-09T07:04:55Z</Time><Position><LatitudeDegrees>48.863190</LatitudeDegrees><LongitudeDegrees>2.357944</LongitudeDegrees></Position><AltitudeMeters>40.2</AltitudeMeters><DistanceMeters>885</DistanceMeters><HeartRateBpm><Value>149</Value></HeartRateBpm></Trackpoint>
          <Trackpoint><Time>2025-03-09T07:05:00Z</Time><Position><LatitudeDegrees>48.863257</LatitudeDegrees><LongitudeDegrees>2.358121</LongitudeDegrees></Position><AltitudeMeters>40.1</AltitudeMeters><DistanceMeters>900</DistanceMeters><HeartRateBpm><Value>149</Value></HeartRateBpm></Trackpoint>
          <Trackpoint><Time>2025-03-09T07:05:05Z</Time><Position><LatitudeDegrees>48.863322</LatitudeDegrees><LongitudeDegrees>2.358301</LongitudeDegrees></Position><AltitudeMeters>40</AltitudeMeters><DistanceMeters>915</DistanceMeters><HeartRateBpm><Value>149</Value></HeartRateBpm></Trackpoint>
          <Trackpoint><Time>2025-03-09T07:05:10Z</Time><Position><LatitudeDegrees>48.863385</LatitudeDegrees><LongitudeDegrees>2.358482</LongitudeDegrees></Position><AltitudeMeters>39.9</AltitudeMeters><DistanceMeters>930</DistanceMeters><HeartRateBpm><Value>149</Value></HeartRateBpm></Trackpoint>
          <Trackpoint><Time>2025-03-09T07:05:15Z</Time><Position><LatitudeDegrees>48.863446</LatitudeDegrees><LongitudeDegrees>2.358665</LongitudeDegrees></Position><AltitudeMeters>39.8</AltitudeMeters><DistanceMeters>945</DistanceMeters><HeartRateBpm><Value>149</Value></HeartRateBpm></Trackpoint>
          <Trackpoint><Time>2025-03-09T07:05:20Z</Time><Position><LatitudeDegrees>48.863504</LatitudeDegrees><LongitudeDegrees>2.358849</LongitudeDegrees></Position><AltitudeMeters>39.6</AltitudeMeters><DistanceMeters>960</DistanceMeters><HeartRateBpm><Value>149</Value></HeartRateBpm></Trackpoint>
          <Trackpoint><Time>2025-03-09T07:05:25Z</Time><Position><LatitudeDegrees>48.863561</LatitudeDegrees><LongitudeDegrees>2.359035</LongitudeDegrees></Position><AltitudeMeters>39.5</AltitudeMeters><DistanceMeters>975</DistanceMeters><HeartRateBpm><Value>149</Value></HeartRateBpm></Trackpoint>
          <Trackpoint><Time>2025-03-09T07:05:30Z</Time><Position><LatitudeDegrees>48.863615</LatitudeDegrees><LongitudeDegrees>2.359223</LongitudeDegrees></Position><AltitudeMeters>39.4</AltitudeMeters><DistanceMeters>990</DistanceMeters><HeartRateBpm><Value>149</Value></HeartRateBpm></Trackpoint>
          <Trackpoint><Time>2025-03-09T07:05:35Z</Time><Position><LatitudeDegrees>48.863667</LatitudeDegrees><LongitudeDegrees>2.359411</LongitudeDegrees></Position><AltitudeMeters>39.2</AltitudeMeters><DistanceMeters>1005</DistanceMeters><HeartRateBpm><Value>149</Value></HeartRateBpm></Trackpoint>
          <Trackpoint><Time>2025-03-09T07:05:40Z</Time><Position><LatitudeDegrees>48.863717</LatitudeDegrees><LongitudeDegrees>2.359602</LongitudeDegrees></Position><AltitudeMeters>39.1</AltitudeMeters><DistanceMeters>1020</DistanceMeters><HeartRateBpm><Value>149</Value></HeartRateBpm></Trackpoint>
          <Trackpoint><Time>2025-03-09T07:05:45Z</Time><Position><LatitudeDegrees>48.863765</LatitudeDegrees><LongitudeDegrees>2.359793</LongitudeDegrees></Position><AltitudeMeters>38.9</AltitudeMeters><DistanceMeters>1035</DistanceMeters><HeartRateBpm><Value>149</Value></HeartRateBpm></Trackpoint>
          <Trackpoint><Time>2025-03-09T07:05:50Z</Time><Position><LatitudeDegrees>48.863810</LatitudeDegrees><LongitudeDegrees>2.359986</LongitudeDegrees></Position><AltitudeMeters>38.7</AltitudeMeters><DistanceMeters>1050</DistanceMeters><HeartRateBpm><Value>149</Value></HeartRateBpm></Trackpoint>
          <Trackpoint><Time>2025-03-09T07:05:55Z</Time><Position><LatitudeDegrees>48.863854</LatitudeDegrees><LongitudeDegrees>2.360180</LongitudeDegrees></Position><AltitudeMeters>38.6</AltitudeMeters><DistanceMeters>1065</DistanceMeters><HeartRateBpm><Value>149</Value></HeartRateBpm></Trackpoint>
          <Trackpoint><Time>2025-03-09T07:06:00Z</Time><Position><LatitudeDegrees>48.863895</LatitudeDegrees><LongitudeDegrees>2.360375</LongitudeDegrees></Position><AltitudeMeters>38.4</AltitudeMeters><DistanceMeters>1080</DistanceMeters><HeartRateBpm><Value>150</Value></HeartRateBpm></Trackpoint>
          <Trackpoint><Time>2025-03-09T07:06:05Z</Time><Position><LatitudeDegrees>48.863933</LatitudeDegrees><LongitudeDegrees>2.360571</LongitudeDegrees></Position><AltitudeMeters>38.2</AltitudeMeters><DistanceMeters>1095</DistanceMeters><HeartRateBpm><Value>150</Value></HeartRateBpm></Trackpoint>
          <Trackpoint><Time>2025-03-09T07:06:10Z</Time><Position><LatitudeDegrees>48.863970</LatitudeDegrees><LongitudeDegrees>2.360769</LongitudeDegrees></Position><AltitudeMeters>38</AltitudeMeters><DistanceMeters>1110</DistanceMeters><HeartRateBpm><Value>150</Value></HeartRateBpm></Trackpoint>
          <Trackpoint><Time>2025-03-09T07:06:15Z</Time><Position><LatitudeDegrees>48.864004</LatitudeDegrees><LongitudeDegrees>2.360967</LongitudeDegrees></Position><AltitudeMeters>37.8</AltitudeMeters><DistanceMeters>1125</DistanceMeters><HeartRateBpm><Value>150</Value></HeartRateBpm></Trackpoint>
          <Trackpoint><Time>2025-03-09T07:06:20Z</Time><Position><LatitudeDegrees>48.864036</LatitudeDegrees><LongitudeDegrees>2.361166</LongitudeDegrees></Position><AltitudeMeters>37.7</AltitudeMeters><DistanceMeters>1140</DistanceMeters><HeartRateBpm><Value>150</Value></HeartRateBpm></Trackpoint>
          <Trackpoint><Time>2025-03-09T07:06:25Z</Time><Position><LatitudeDegrees>48.864065</LatitudeDegrees><LongitudeDegrees>2.361366</LongitudeDegrees></Position><AltitudeMeters>37.5</AltitudeMeters><DistanceMeters>1155</DistanceMeters><HeartRateBpm><Value>150</Value></HeartRateBpm></Trackpoint>
          <Trackpoint><Time>2025-03-09T07:06:30Z</Time><Position><LatitudeDegrees>48.864092</LatitudeDegrees><LongitudeDegrees>2.361566</LongitudeDegrees></Position><AltitudeMeters>37.3</AltitudeMeters><DistanceMeters>1170</DistanceMeters><HeartRateBpm><Value>150</Value></HeartRateBpm></Trackpoint>
          <Trackpoint><Time>2025-03-09T07:06:35Z</Time><Position><LatitudeDegrees>48.864117</LatitudeDegrees><LongitudeDegrees>2.361768</LongitudeDegrees></Position><AltitudeMeters>37.1</AltitudeMeters><DistanceMeters>1185</DistanceMeters><HeartRateBpm><Value>150</Value></HeartRateBpm></Trackpoint>
          <Trackpoint><Time>2025-03-09T07:06:40Z</Time><Position><LatitudeDegrees>48.864140</LatitudeDegrees><LongitudeDegrees>2.361970</LongitudeDegrees></Position><AltitudeMeters>36.9</AltitudeMeters><DistanceMeters>1200</DistanceMeters><HeartRateBpm><Value>150</Value></HeartRateBpm></Trackpoint>
          <Trackpoint><Time>2025-03-09T07:06:45Z</Time><Position><LatitudeDegrees>48.864160</LatitudeDegrees><LongitudeDegrees>2.362172</LongitudeDegrees></Position><AltitudeMeters>36.7</AltitudeMeters><DistanceMeters>1215</DistanceMeters><HeartRateBpm><Value>150</Value></HeartRateBpm></Trackpoint>
          <Trackpoint><Time>2025-03-09T07:06:50Z</Time><Position><LatitudeDegrees>48.864177</LatitudeDegrees><LongitudeDegrees>2.362375</LongitudeDegrees></Position><AltitudeMeters>36.5</AltitudeMeters><DistanceMeters>1230</DistanceMeters><HeartRateBpm><Value>150</Value></HeartRateBpm></Trackpoint>
          <Trackpoint><Time>2025-03-09T07:06:55Z</Time><Position><LatitudeDegrees>48.864193</LatitudeDegrees><LongitudeDegrees>2.362579</LongitudeDegrees></Position><AltitudeMeters>36.3</AltitudeMeters><DistanceMeters>1245</DistanceMeters><HeartRateBpm><Value>150</Value></HeartRateBpm></Trackpoint>
          <Trackpoint><Time>2025-03-09T07:07:00Z</Time><Position><LatitudeDegrees>48.864206</LatitudeDegrees><LongitudeDegrees>2.362782</LongitudeDegrees></Position><AltitudeMeters>36.1</AltitudeMeters><DistanceMeters>1260</DistanceMeters><HeartRateBpm><Value>150</Value></HeartRateBpm></Trackpoint>
          <Trackpoint><Time>2025-03-09T07:07:05Z</Time><Position><LatitudeDegrees>48.864217</LatitudeDegrees><LongitudeDegrees>2.362987</LongitudeDegrees></Position><AltitudeMeters>35.8</AltitudeMeters><DistanceMeters>1275</DistanceMeters><HeartRateBpm><Value>150</Value></HeartRateBpm></Trackpoint>
          <Trackpoint><Time>2025-03-09T07:07:10Z</Time><Position><LatitudeDegrees>48.864225</LatitudeDegrees><LongitudeDegrees>2.363191</LongitudeDegrees></Position><AltitudeMeters>35.6</AltitudeMeters><DistanceMeters>1290</DistanceMeters><HeartRateBpm><Value>150</Value></HeartRateBpm></Trackpoint>
          <Trackpoint><Time>2025-03-09T07:07:15Z</Time><Position><LatitudeDegrees>48.864231</LatitudeDegrees><LongitudeDegrees>2.363396</LongitudeDegrees></Position><AltitudeMeters>35.4</AltitudeMeters><DistanceMeters>1305</DistanceMeters><HeartRateBpm><Value>150</Value></HeartRateBpm></Trackpoint>
          <Trackpoint><Time>2025-03-09T07:07:20Z</Time><Position><LatitudeDegrees>48.864234</LatitudeDegrees><LongitudeDegrees>2.363600</LongitudeDegrees></Position><AltitudeMeters>35.2</AltitudeMeters><DistanceMeters>1320</DistanceMeters><HeartRateBpm><Value>150</Value></HeartRateBpm></Trackpoint>
          <Trackpoint><Time>2025-03-09T07:07:25Z</Time><Position><LatitudeDegrees>48.864236</LatitudeDegrees><LongitudeDegrees>2.363805</LongitudeDegrees></Position><AltitudeMeters>35</AltitudeMeters><DistanceMeters>1335</DistanceMeters><HeartRateBpm><Value>150</Value></HeartRateBpm></Trackpoint>
          <Trackpoint><Time>2025-03-09T07:07:30Z</Time><Position><LatitudeDegrees>48.864234</LatitudeDegrees><LongitudeDegrees>2.364010</LongitudeDegrees></Position><AltitudeMeters>34.8</AltitudeMeters><DistanceMeters>1350</DistanceMeters><HeartRateBpm><Value>150</Value></HeartRateBpm></Trackpoint>
          <Trackpoint><Time>2025-03-09T07:07:35Z</Time><Position><LatitudeDegrees>48.864231</LatitudeDegrees><LongitudeDegrees>2.364215</LongitudeDegrees></Position><AltitudeMeters>34.6</AltitudeMeters><DistanceMeters>1365</DistanceMeters><HeartRateBpm><Value>150</Value></HeartRateBpm></Trackpoint>
          <Trackpoint><Time>2025-03-09T07:07:40Z</Time><Position><LatitudeDegrees>48.864225</LatitudeDegrees><LongitudeDegrees>2.364419</LongitudeDegrees></Position><AltitudeMeters>34.4</AltitudeMeters><DistanceMeters>1380</DistanceMeters><HeartRateBpm><Value>150</Value></HeartRateBpm></Trackpoint>
          <Trackpoint><Time>2025-03-09T07:07:45Z</Time><Position><LatitudeDegrees>48.864217</LatitudeDegrees><LongitudeDegrees>2.364624</LongitudeDegrees></Position><AltitudeMeters>34.2</AltitudeMeters><DistanceMeters>1395</DistanceMeters><HeartRateBpm><Value>150</Value></HeartRateBpm></Trackpoint>
          <Trackpoint><Time>2025-03-09T07:07:50Z</Time><Position><LatitudeDegrees>48.864206</LatitudeDegrees><LongitudeDegrees>2.364828</LongitudeDegrees></Position><AltitudeMeters>33.9</AltitudeMeters><DistanceMeters>1410</DistanceMeters><HeartRateBpm><Value>150</Value></HeartRateBpm></Trackpoint>
          <Trackpoint><Time>2025-03-09T07:07:55Z</Time><Position><LatitudeDegrees>48.864193</LatitudeDegrees><LongitudeDegrees>2.365032</LongitudeDegrees></Position><AltitudeMeters>33.7</AltitudeMeters><DistanceMeters>1425</DistanceMeters><HeartRateBpm><Value>150</Value></HeartRateBpm></Trackpoint>
          <Trackpoint><Time>2025-03-09T07:08:00Z</Time><Position><LatitudeDegrees>48.864177</LatitudeDegrees><LongitudeDegrees>2.365235</LongitudeDegrees></Position><AltitudeMeters>33.5</AltitudeMeters><DistanceMeters>1440</DistanceMeters><HeartRateBpm><Value>150</Value></HeartRateBpm></Trackpoint>
          <Trackpoint><Time>2025-03-09T07:08:05Z</Time><Position><LatitudeDegrees>48.864160</LatitudeDegrees><LongitudeDegrees>2.365438</LongitudeDegrees></Position><AltitudeMeters>33.3</AltitudeMeters><DistanceMeters>1455</DistanceMeters><HeartRateBpm><Value>150</Value></HeartRateBpm></Trackpoint>
          <Trackpoint><Time>2025-03-09T07:08:10Z</Time><Position><LatitudeDegrees>48.864140</LatitudeDegrees><LongitudeDegrees>2.365641</LongitudeDegrees></Position><AltitudeMeters>33.1</AltitudeMeters><DistanceMeters>1470</DistanceMeters><HeartRateBpm><Value>150</Value></HeartRateBpm></Trackpoint>
          <Trackpoint><Time>2025-03-09T07:08:15Z</Time><Position><LatitudeDegrees>48.864117</LatitudeDegrees><LongitudeDegrees>2.365843</LongitudeDegrees></Position><AltitudeMeters>32.9</AltitudeMeters><DistanceMeters>1485</DistanceMeters><HeartRateBpm><Value>150</Value></HeartRateBpm></Trackpoint>
          <Trackpoint><Time>2025-03-09T07:08:20Z</Time><Position><LatitudeDegrees>48.864092</LatitudeDegrees><LongitudeDegrees>2.366044</LongitudeDegrees></Position><AltitudeMeters>32.7</AltitudeMeters><DistanceMeters>1500</DistanceMeters><HeartRateBpm><Value>150</Value></HeartRateBpm></Trackpoint>
          <Trackpoint><Time>2025-03-09T07:08:25Z</Time><Position><LatitudeDegrees>48.864065</LatitudeDegrees><LongitudeDegrees>2.366245</LongitudeDegrees></Position><AltitudeMeters>32.5</AltitudeMeters><DistanceMeters>1515</DistanceMeters><HeartRateBpm><Value>150</Value></HeartRateBpm></Trackpoint>
          <Trackpoint><Time>2025-03-09T07:08:30Z</Time><Position><LatitudeDegrees>48.864036</LatitudeDegrees><LongitudeDegrees>2.366445</LongitudeDegrees></Position><AltitudeMeters>32.3</AltitudeMeters><DistanceMeters>1530</DistanceMeters><HeartRateBpm><Value>150</Value></HeartRateBpm></Trackpoint>
          <Trackpoint><Time>2025-03-09T07:08:35Z</Time><Position><LatitudeDegrees>48.864004</LatitudeDegrees><LongitudeDegrees>2.366644</LongitudeDegrees></Position><AltitudeMeters>32.2</AltitudeMeters><DistanceMeters>1545</DistanceMeters><HeartRateBpm><Value>150</Value></HeartRateBpm></Trackpoint>
          <Trackpoint><Time>2025-03-09T07:08:40Z</Time><Position><LatitudeDegrees>48.863970</LatitudeDegrees><LongitudeDegrees>2.366842</LongitudeDegrees></Position><AltitudeMeters>32</AltitudeMeters><DistanceMeters>1560</DistanceMeters><HeartRateBpm><Value>150</Value></HeartRateBpm></Trackpoint>
          <Trackpoint><Time>2025-03-09T07:08:45Z</Time><Position><LatitudeDegrees>48.863933</LatitudeDegrees><LongitudeDegrees>2.367039</LongitudeDegrees></Position><AltitudeMeters>31.8</AltitudeMeters><DistanceMeters>1575</DistanceMeters><HeartRateBpm><Value>150</Value></HeartRateBpm></Trackpoint>
          <Trackpoint><Time>2025-03-09T07:08:50Z</Time><Position><LatitudeDegrees>48.863895</LatitudeDegrees><LongitudeDegrees>2.367235</LongitudeDegrees></Position><AltitudeMeters>31.6</AltitudeMeters><DistanceMeters>1590</DistanceMeters><HeartRateBpm><Value>150</Value></HeartRateBpm></Trackpoint>
          <Trackpoint><Time>2025-03-09T07:08:55Z</Time><Position><LatitudeDegrees>48.863854</LatitudeDegrees><LongitudeDegrees>2.367430</LongitudeDegrees></Position><AltitudeMeters>31.4</AltitudeMeters><DistanceMeters>1605</DistanceMeters><HeartRateBpm><Value>149</Value></HeartRateBpm></Trackpoint>
          <Trackpoint><Time>2025-03-09T07:09:00Z</Time><Position><LatitudeDegrees>48.863810</LatitudeDegrees><LongitudeDegrees>2.367624</LongitudeDegrees></Position><AltitudeMeters>31.3</AltitudeMeters><DistanceMeters>1620</DistanceMeters><HeartRateBpm><Value>149</Value></HeartRateBpm></Trackpoint>
          <Trackpoint><Time>2025-03-09T07:09:05Z</Time><Position><LatitudeDegrees>48.863765</LatitudeDegrees><LongitudeDegrees>2.367817</LongitudeDegrees></Position><AltitudeMeters>31.1</AltitudeMeters><DistanceMeters>1635</DistanceMeters><HeartRateBpm><Value>149</Value></HeartRateBpm></Trackpoint>
          <Trackpoint><Time>2025-03-09T07:09:10Z</Time><Position><LatitudeDegrees>48.863717</LatitudeDegrees><LongitudeDegrees>2.368009</LongitudeDegrees></Position><AltitudeMeters>30.9</AltitudeMeters><DistanceMeters>1650</DistanceMeters><HeartRateBpm><Value>149</Value></HeartRateBpm></Trackpoint>
          <Trackpoint><Time>2025-03-09T07:09:15Z</Time><Position><LatitudeDegrees>48.863667</LatitudeDegrees><LongitudeDegrees>2.368199</LongitudeDegrees></Position><AltitudeMeters>30.8</AltitudeMeters><DistanceMeters>1665</DistanceMeters><HeartRateBpm><Value>149</Value></HeartRateBpm></Trackpoint>
          <Trackpoint><Time>2025-03-09T07:09:20Z</Time><Position><LatitudeDegrees>48.863615</LatitudeDegrees><LongitudeDegrees>2.368388</LongitudeDegrees></Position><AltitudeMeters>30.6</AltitudeMeters><DistanceMeters>1680</DistanceMeters><HeartRateBpm><Value>149</Value></HeartRateBpm></Trackpoint>
          <Trackpoint><Time>2025-03-09T07:09:25Z</Time><Position><LatitudeDegrees>48.863561</LatitudeDegrees><LongitudeDegrees>2.368575</LongitudeDegrees></Position><AltitudeMeters>30.5</AltitudeMeters><DistanceMeters>1695</DistanceMeters><HeartRateBpm><Value>149</Value></HeartRateBpm></Trackpoint>
          <Trackpoint><Time>2025-03-09T07:09:30Z</Time><Position><LatitudeDegrees>48.863504</LatitudeDegrees><LongitudeDegrees>2.368761</LongitudeDegrees></Position><AltitudeMeters>30.4</AltitudeMeters><DistanceMeters>1710</DistanceMeters><HeartRateBpm><Value>149</Value></HeartRateBpm></Trackpoint>
          <Trackpoint><Time>2025-03-09T07:09:35Z</Time><Position><LatitudeDegrees>48.863446</LatitudeDegrees><LongitudeDegrees>2.368946</LongitudeDegrees></Position><AltitudeMeters>30.2</AltitudeMeters><DistanceMeters>1725</DistanceMeters><HeartRateBpm><Value>149</Value></HeartRateBpm></Trackpoint>
          <Trackpoint><Time>2025-03-09T07:09:40Z</Time><Position><LatitudeDegrees>48.863385</LatitudeDegrees><LongitudeDegrees>2.369129</LongitudeDegrees></Position><AltitudeMeters>30.1</AltitudeMeters><DistanceMeters>1740</DistanceMeters><HeartRateBpm><Value>149</Value></HeartRateBpm></Trackpoint>
          <Trackpoint><Time>2025-03-09T07:09:45Z</Time><Position><LatitudeDegrees>48.863322</LatitudeDegrees><LongitudeDegrees>2.369310</LongitudeDegrees></Position><AltitudeMeters>30</AltitudeMeters><DistanceMeters>1755</DistanceMeters><HeartRateBpm><Value>149</Value></HeartRateBpm></Trackpoint>
          <Trackpoint><Time>2025-03-09T07:09:50Z</Time><Position><LatitudeDegrees>48.863257</LatitudeDegrees><LongitudeDegrees>2.369489</LongitudeDegrees></Position><AltitudeMeters>29.9</AltitudeMeters><DistanceMeters>1770</DistanceMeters><HeartRateBpm><Value>149</Value></HeartRateBpm></Trackpoint>
          <Trackpoint><Time>2025-03-09T07:09:55Z</Time><Position><LatitudeDegrees>48.863190</LatitudeDegrees><LongitudeDegrees>2.369667</LongitudeDegrees></Position><AltitudeMeters>29.8</AltitudeMeters><DistanceMeters>1785</DistanceMeters><HeartRateBpm><Value>149</Value></HeartRateBpm></Trackpoint>
          <Trackpoint><Time>2025-03-09T07:10:00Z</Time><Position><LatitudeDegrees>48.863121</LatitudeDegrees><LongitudeDegrees>2.369843</LongitudeDegrees></Position><AltitudeMeters>29.7</AltitudeMeters><DistanceMeters>1800</DistanceMeters><HeartRateBpm><Value>149</Value></HeartRateBpm></Trackpoint>
          <Trackpoint><Time>2025-03-09T07:10:05Z</Time><Position><LatitudeDegrees>48.863050</LatitudeDegrees><LongitudeDegrees>2.370017</LongitudeDegrees></Position><AltitudeMeters>29.6</AltitudeMeters><DistanceMeters>1815</DistanceMeters><HeartRateBpm><Value>148</Value></HeartRateBpm></Trackpoint>
          <Trackpoint><Time>2025-03-09T07:10:10Z</Time><Position><LatitudeDegrees>48.862977</LatitudeDegrees><LongitudeDegrees>2.370189</LongitudeDegrees></Position><AltitudeMeters>29.5</AltitudeMeters><DistanceMeters>1830</DistanceMeters><HeartRateBpm><Value>148</Value></HeartRateBpm></Trackpoint>
          <Trackpoint><Time>2025-03-09T07:10:15Z</Time><Position><LatitudeDegrees>48.862902</LatitudeDegrees><LongitudeDegrees>2.370359</LongitudeDegrees></Position><AltitudeMeters>29.4</AltitudeMeters><DistanceMeters>1845</DistanceMeters><HeartRateBpm><Value>148</Value></HeartRateBpm></Trackpoint>
          <Trackpoint><Time>2025-03-09T07:10:20Z</Time><Position><LatitudeDegrees>48.862825</LatitudeDegrees><LongitudeDegrees>2.370527</LongitudeDegrees></Position><AltitudeMeters>29.3</AltitudeMeters><DistanceMeters>1860</DistanceMeters><HeartRateBpm><Value>148</Value></HeartRateBpm></Trackpoint>
          <Trackpoint><Time>2025-03-09T07:10:25Z</Time><Position><LatitudeDegrees>48.862746</LatitudeDegrees><LongitudeDegrees>2.370693</LongitudeDegrees></Position><AltitudeMeters>29.3</AltitudeMeters><DistanceMeters>1875</DistanceMeters><HeartRateBpm><Value>148</Value></HeartRateBpm></Trackpoint>
          <Trackpoint><Time>2025-03-09T07:10:30Z</Time><Position><LatitudeDegrees>48.862665</LatitudeDegrees><LongitudeDegrees>2.370857</LongitudeDegrees></Position><AltitudeMeters>29.2</AltitudeMeters><DistanceMeters>1890</DistanceMeters><HeartRateBpm><Value>148</Value></HeartRateBpm></Trackpoint>
          <Trackpoint><Time>2025-03-09T07:10:35Z</Time><Position><LatitudeDegrees>48.862582</LatitudeDegrees><LongitudeDegrees>2.371018</LongitudeDegrees></Position><AltitudeMeters>29.2</AltitudeMeters><DistanceMeters>1905</DistanceMeters><HeartRateBpm><Value>148</Value></HeartRateBpm></Trackpoint>
          <Trackpoint><Time>2025-03-09T07:10:40Z</Time><Position><LatitudeDegrees>48.862497</LatitudeDegrees><LongitudeDegrees>2.371177</LongitudeDegrees></Position><AltitudeMeters>29.1</AltitudeMeters><DistanceMeters>1920</DistanceMeters><HeartRateBpm><Value>148</Value></HeartRateBpm></Trackpoint>
          <Trackpoint><Time>2025-03-09T07:10:45Z</Time><Position><LatitudeDegrees>48.862411</LatitudeDegrees><LongitudeDegrees>2.371335</LongitudeDegrees></Position><AltitudeMeters>29.1</AltitudeMeters><DistanceMeters>1935</DistanceMeters><HeartRateBpm><Value>148</Value></HeartRateBpm></Trackpoint>
          <Trackpoint><Time>2025-03-09T07:10:50Z</Time><Position><LatitudeDegrees>48.862322</LatitudeDegrees><LongitudeDegrees>2.371489</LongitudeDegrees></Position><AltitudeMeters>29</AltitudeMeters><DistanceMeters>1950</DistanceMeters><HeartRateBpm><Value>147</Value></HeartRateBpm></Trackpoint>
          <Trackpoint><Time>2025-03-09T07:10:55Z</Time><Position><LatitudeDegrees>48.862232</LatitudeDegrees><LongitudeDegrees>2.371641</LongitudeDegrees></Position><AltitudeMeters>29</AltitudeMeters><DistanceMeters>1965</DistanceMeters><HeartRateBpm><Value>147</Value></HeartRateBpm></Trackpoint>
          <Trackpoint><Time>2025-03-09T07:11:00Z</Time><Position><LatitudeDegrees>48.862140</LatitudeDegrees><LongitudeDegrees>2.371791</LongitudeDegrees></Position><AltitudeMeters>29</AltitudeMeters><DistanceMeters>1980</DistanceMeters><HeartRateBpm><Value>147</Value></HeartRateBpm></Trackpoint>
          <Trackpoint><Time>2025-03-09T07:11:05Z</Time><Position><LatitudeDegrees>48.862047</LatitudeDegrees><LongitudeDegrees>2.371939</LongitudeDegrees></Position><AltitudeMeters>29</AltitudeMeters><DistanceMeters>1995</DistanceMeters><HeartRateBpm><Value>147</Value></HeartRateBpm></Trackpoint>
          <Trackpoint><Time>2025-03-09T07:11:10Z</Time><Position><LatitudeDegrees>48.861951</LatitudeDegrees><LongitudeDegrees>2.372084</LongitudeDegrees></Position><AltitudeMeters>29</AltitudeMeters><DistanceMeters>2010</DistanceMeters><HeartRateBpm><Value>147</Value></HeartRateBpm></Trackpoint>
          <Trackpoint><Time>2025-03-09T07:11:15Z</Time><Position><LatitudeDegrees>48.861854</LatitudeDegrees><LongitudeDegrees>2.372226</LongitudeDegrees></Position><AltitudeMeters>29</AltitudeMeters><DistanceMeters>2025</DistanceMeters><HeartRateBpm><Value>147</Value></HeartRateBpm></Trackpoint>
          <Trackpoint><Time>2025-03-09T07:11:20Z</Time><Position><LatitudeDegrees>48.861756</LatitudeDegrees><LongitudeDegrees>2.372365</LongitudeDegrees></Position><AltitudeMeters>29</AltitudeMeters><DistanceMeters>2040</DistanceMeters><HeartRateBpm><Value>147</Value></HeartRateBpm></Trackpoint>
          <Trackpoint><Time>2025-03-09T07:11:25Z</Time><Position><LatitudeDegrees>48.861656</LatitudeDegrees><LongitudeDegrees>2.372502</LongitudeDegrees></Position><AltitudeMeters>29</AltitudeMeters><DistanceMeters>2055</DistanceMeters><HeartRateBpm><Value>147</Value></HeartRateBpm></Trackpoint>
          <Trackpoint><Time>2025-03-09T07:11:30Z</Time><Position><LatitudeDegrees>48.861554</LatitudeDegrees><LongitudeDegrees>2.372637</LongitudeDegrees></Position><AltitudeMeters>29.1</AltitudeMeters><DistanceMeters>2070</DistanceMeters><HeartRateBpm><Value>146</Value></HeartRateBpm></Trackpoint>
          <Trackpoint><Time>2025-03-09T07:11:35Z</Time><Position><LatitudeDegrees>48.861451</LatitudeDegrees><LongitudeDegrees>2.372768</LongitudeDegrees></Position><AltitudeMeters>29.1</AltitudeMeters><DistanceMeters>2085</DistanceMeters><HeartRateBpm><Value>146</Value></HeartRateBpm></Trackpoint>
          <Trackpoint><Time>2025-03-09T07:11:40Z</Time><Position><LatitudeDegrees>48.861346</LatitudeDegrees><LongitudeDegrees>2.372897</LongitudeDegrees></Position><AltitudeMeters>29.2</AltitudeMeters><DistanceMeters>2100</DistanceMeters><HeartRateBpm><Value>146</Value></HeartRateBpm></Trackpoint>
          <Trackpoint><Time>2025-03-09T07:11:45Z</Time><Position><LatitudeDegrees>48.861239</LatitudeDegrees><LongitudeDegrees>2.373023</LongitudeDegrees></Position><AltitudeMeters>29.2</AltitudeMeters><DistanceMeters>2115</DistanceMeters><HeartRateBpm><Value>146</Value></HeartRateBpm></Trackpoint>
          <Trackpoint><Time>2025-03-09T07:11:50Z</Time><Position><LatitudeDegrees>48.861132</LatitudeDegrees><LongitudeDegrees>2.373146</LongitudeDegrees></Position><AltitudeMeters>29.3</AltitudeMeters><DistanceMeters>2130</DistanceMeters><HeartRateBpm><Value>146</Value></HeartRateBpm></Trackpoint>
          <Trackpoint><Time>2025-03-09T07:11:55Z</Time><Position><LatitudeDegrees>48.861022</LatitudeDegrees><LongitudeDegrees>2.373266</LongitudeDegrees></Position><AltitudeMeters>29.3</AltitudeMeters><DistanceMeters>2145</DistanceMeters><HeartRateBpm><Value>146</Value></HeartRateBpm></Trackpoint>
          <Trackpoint><Time>2025-03-09T07:12:00Z</Time><Position><LatitudeDegrees>48.860912</LatitudeDegrees><LongitudeDegrees>2.373383</LongitudeDegrees></Position><AltitudeMeters>29.4</AltitudeMeters><DistanceMeters>2160</DistanceMeters><HeartRateBpm><Value>146</Value></HeartRateBpm></Trackpoint>
          <Trackpoint><Time>2025-03-09T07:12:05Z</Time><Position><LatitudeDegrees>48.860800</LatitudeDegrees><LongitudeDegrees>2.373497</LongitudeDegrees></Position><AltitudeMeters>29.5</AltitudeMeters><DistanceMeters>2175</DistanceMeters><HeartRateBpm><Value>146</Value></HeartRateBpm></Trackpoint>
          <Trackpoint><Time>2025-03-09T07:12:10Z</Time><Position><LatitudeDegrees>48.860687</LatitudeDegrees><LongitudeDegrees>2.373608</LongitudeDegrees></Position><AltitudeMeters>29.6</AltitudeMeters><DistanceMeters>2190</DistanceMeters><HeartRateBpm><Value>145</Value></HeartRateBpm></Trackpoint>
          <Trackpoint><Time>2025-03-09T07:12:15Z</Time><Position><LatitudeDegrees>48.860572</LatitudeDegrees><LongitudeDegrees>2.373716</LongitudeDegrees></Position><AltitudeMeters>29.7</AltitudeMeters><DistanceMeters>2205</DistanceMeters><HeartRateBpm><Value>145</Value></HeartRateBpm></Trackpoint>
          <Trackpoint><Time>2025-03-09T07:12:20Z</Time><Position><LatitudeDegrees>48.860457</LatitudeDegrees><LongitudeDegrees>2.373821</LongitudeDegrees></Position><AltitudeMeters>29.8</AltitudeMeters><DistanceMeters>2220</DistanceMeters><HeartRateBpm><Value>145</Value></HeartRateBpm></Trackpoint>
          <Trackpoint><Time>2025-03-09T07:12:25Z</Time><Position><LatitudeDegrees>48.860340</LatitudeDegrees><LongitudeDegrees>2.373923</LongitudeDegrees></Position><AltitudeMeters>29.9</AltitudeMeters><DistanceMeters>2235</DistanceMeters><HeartRateBpm><Value>145</Value></HeartRateBpm></Trackpoint>
          <Trackpoint><Time>2025-03-09T07:12:30Z</Time><Position><LatitudeDegrees>48.860222</LatitudeDegrees><LongitudeDegrees>2.374022</LongitudeDegrees></Position><AltitudeMeters>30</AltitudeMeters><DistanceMeters>2250</DistanceMeters><HeartRateBpm><Value>145</Value></HeartRateBpm></Trackpoint>
          <Trackpoint><Time>2025-03-09T07:12:35Z</Time><Position><LatitudeDegrees>48.860102</LatitudeDegrees><LongitudeDegrees>2.374118</LongitudeDegrees></Position><AltitudeMeters>30.1</AltitudeMeters><DistanceMeters>2265</DistanceMeters><HeartRateBpm><Value>145</Value></HeartRateBpm></Trackpoint>
          <Trackpoint><Time>2025-03-09T07:12:40Z</Time><Position><LatitudeDegrees>48.859982</LatitudeDegrees><LongitudeDegrees>2.374210</LongitudeDegrees></Position><AltitudeMeters>30.2</AltitudeMeters><DistanceMeters>2280</DistanceMeters><HeartRateBpm><Value>144</Value></HeartRateBpm></Trackpoint>
          <Trackpoint><Time>2025-03-09T07:12:45Z</Time><Position><LatitudeDegrees>48.859861</LatitudeDegrees><LongitudeDegrees>2.374299</LongitudeDegrees></Position><AltitudeMeters>30.4</AltitudeMeters><DistanceMeters>2295</DistanceMeters><HeartRateBpm><Value>144</Value></HeartRateBpm></Trackpoint>
          <Trackpoint><Time>2025-03-09T07:12:50Z</Time><Position><LatitudeDegrees>48.859738</LatitudeDegrees><LongitudeDegrees>2.374385</LongitudeDegrees></Position><AltitudeMeters>30.5</AltitudeMeters><DistanceMeters>2310</DistanceMeters><HeartRateBpm><Value>144</Value></HeartRateBpm></Trackpoint>
          <Trackpoint><Time>2025-03-09T07:12:55Z</Time><Position><LatitudeDegrees>48.859615</LatitudeDegrees><LongitudeDegrees>2.374467</LongitudeDegrees></Position><AltitudeMeters>30.6</AltitudeMeters><DistanceMeters>2325</DistanceMeters><HeartRateBpm><Value>144</Value></HeartRateBpm></Trackpoint>
          <Trackpoint><Time>2025-03-09T07:13:00Z</Time><Position><LatitudeDegrees>48.859491</LatitudeDegrees><LongitudeDegrees>2.374547</LongitudeDegrees></Position><AltitudeMeters>30.8</AltitudeMeters><DistanceMeters>2340</DistanceMeters><HeartRateBpm><Value>144</Value></HeartRateBpm></Trackpoint>
          <Trackpoint><Time>2025-03-09T07:13:05Z</Time><Position><LatitudeDegrees>48.859366</LatitudeDegrees><LongitudeDegrees>2.374623</LongitudeDegrees></Position><AltitudeMeters>30.9</AltitudeMeters><DistanceMeters>2355</DistanceMeters><HeartRateBpm><Value>144</Value></HeartRateBpm></Trackpoint>
          <Trackpoint><Time>2025-03-09T07:13:10Z</Time><Position><LatitudeDegrees>48.859240</LatitudeDegrees><LongitudeDegrees>2.374695</LongitudeDegrees></Position><AltitudeMeters>31.1</AltitudeMeters><DistanceMeters>2370</DistanceMeters><HeartRateBpm><Value>143</Value></HeartRateBpm></Trackpoint>
          <Trackpoint><Time>2025-03-09T07:13:15Z</Time><Position><LatitudeDegrees>48.859113</LatitudeDegrees><LongitudeDegrees>2.374764</LongitudeDegrees></Position><AltitudeMeters>31.3</AltitudeMeters><DistanceMeters>2385</DistanceMeters><HeartRateBpm><Value>143</Value></HeartRateBpm></Trackpoint>
          <Trackpoint><Time>2025-03-09T07:13:20Z</Time><Position><LatitudeDegrees>48.858985</LatitudeDegrees><LongitudeDegrees>2.374830</LongitudeDegrees></Position><AltitudeMeters>31.4</AltitudeMeters><DistanceMeters>2400</DistanceMeters><HeartRateBpm><Value>143</Value></HeartRateBpm></Trackpoint>
          <Trackpoint><Time>2025-03-09T07:13:25Z</Time><Position><LatitudeDegrees>48.858857</LatitudeDegrees><LongitudeDegrees>2.374892</LongitudeDegrees></Position><AltitudeMeters>31.6</AltitudeMeters><DistanceMeters>2415</DistanceMeters><HeartRateBpm><Value>143</Value></HeartRateBpm></Trackpoint>
          <Trackpoint><Time>2025-03-09T07:13:30Z</Time><Position><LatitudeDegrees>48.858728</LatitudeDegrees><LongitudeDegrees>2.374951</LongitudeDegrees></Position><AltitudeMeters>31.8</AltitudeMeters><DistanceMeters>2430</DistanceMeters><HeartRateBpm><Value>143</Value></HeartRateBpm></Trackpoint>
          <Trackpoint><Time>2025-03-09T07:13:35Z</Time><Position><LatitudeDegrees>48.858598</LatitudeDegrees><LongitudeDegrees>2.375006</LongitudeDegrees></Position><AltitudeMeters>32</AltitudeMeters><DistanceMeters>2445</DistanceMeters><HeartRateBpm><Value>143</Value></HeartRateBpm></Trackpoint>
          <Trackpoint><Time>2025-03-09T07:13:40Z</Time><Position><LatitudeDegrees>48.858468</LatitudeDegrees><LongitudeDegrees>2.375058</LongitudeDegrees></Position><AltitudeMeters>32.2</AltitudeMeters><DistanceMeters>2460</DistanceMeters><HeartRateBpm><Value>142</Value></HeartRateBpm></Trackpoint>
          <Trackpoint><Time>2025-03-09T07:13:45Z</Time><Position><LatitudeDegrees>48.858337</LatitudeDegrees><LongitudeDegrees>2.375106</LongitudeDegrees></Position><AltitudeMeters>32.3</AltitudeMeters><DistanceMeters>2475</DistanceMeters><HeartRateBpm><Value>142</Value></HeartRateBpm></Trackpoint>
          <Trackpoint><Time>2025-03-09T07:13:50Z</Time><Position><LatitudeDegrees>48.858205</LatitudeDegrees><LongitudeDegrees>2.375151</LongitudeDegrees></Position><AltitudeMeters>32.5</AltitudeMeters><DistanceMeters>2490</DistanceMeters><HeartRateBpm><Value>142</Value></HeartRateBpm></Trackpoint>
          <Trackpoint><Time>2025-03-09T07:13:55Z</Time><Position><LatitudeDegrees>48.858073</LatitudeDegrees><LongitudeDegrees>2.375193</LongitudeDegrees></Position><AltitudeMeters>32.7</AltitudeMeters><DistanceMeters>2505</DistanceMeters><HeartRateBpm><Value>142</Value></HeartRateBpm></Trackpoint>
          <Trackpoint><Time>2025-03-09T07:14:00Z</Time><Position><LatitudeDegrees>48.857941</LatitudeDegrees><LongitudeDegrees>2.375230</LongitudeDegrees></Position><AltitudeMeters>32.9</AltitudeMeters><DistanceMeters>2520</DistanceMeters><HeartRateBpm><Value>142</Value></HeartRateBpm></Trackpoint>
          <Trackpoint><Time>2025-03-09T07:14:05Z</Time><Position><LatitudeDegrees>48.857808</LatitudeDegrees><LongitudeDegrees>2.375264</LongitudeDegrees></Position><AltitudeMeters>33.1</AltitudeMeters><DistanceMeters>2535</DistanceMeters><HeartRateBpm><Value>142</Value></HeartRateBpm></Trackpoint>
          <Trackpoint><Time>2025-03-09T07:14:10Z</Time><Position><LatitudeDegrees>48.857675</LatitudeDegrees><LongitudeDegrees>2.375295</LongitudeDegrees></Position><AltitudeMeters>33.3</AltitudeMeters><DistanceMeters>2550</DistanceMeters><HeartRateBpm><Value>141</Value></HeartRateBpm></Trackpoint>
          <Trackpoint><Time>2025-03-09T07:14:15Z</Time><Position><LatitudeDegrees>48.857541</LatitudeDegrees><LongitudeDegrees>2.375322</LongitudeDegrees></Position><AltitudeMeters>33.5</AltitudeMeters><DistanceMeters>2565</DistanceMeters><HeartRateBpm><Value>141</Value></HeartRateBpm></Trackpoint>
          <Trackpoint><Time>2025-03-09T07:14:20Z</Time><Position><LatitudeDegrees>48.857407</LatitudeDegrees><LongitudeDegrees>2.375346</LongitudeDegrees></Position><AltitudeMeters>33.7</AltitudeMeters><DistanceMeters>2580</DistanceMeters><HeartRateBpm><Value>141</Value></HeartRateBpm></Trackpoint>
          <Trackpoint><Time>2025-03-09T07:14:25Z</Time><Position><LatitudeDegrees>48.857273</LatitudeDegrees><LongitudeDegrees>2.375365</LongitudeDegrees></Position><AltitudeMeters>33.9</AltitudeMeters><DistanceMeters>2595</DistanceMeters><HeartRateBpm><Value>141</Value></HeartRateBpm></Trackpoint>
          <Trackpoint><Time>2025-03-09T07:14:30Z</Time><Position><LatitudeDegrees>48.857139</LatitudeDegrees><LongitudeDegrees>2.375382</LongitudeDegrees></Position><AltitudeMeters>34.2</AltitudeMeters><DistanceMeters>2610</DistanceMeters><HeartRateBpm><Value>141</Value></HeartRateBpm></Trackpoint>
          <Trackpoint><Time>2025-03-09T07:14:35Z</Time><Position><LatitudeDegrees>48.857004</LatitudeDegrees><LongitudeDegrees>2.375394</LongitudeDegrees></Position><AltitudeMeters>34.4</AltitudeMeters><DistanceMeters>2625</DistanceMeters><HeartRateBpm><Value>141</Value></HeartRateBpm></Trackpoint>
          <Trackpoint><Time>2025-03-09T07:14:40Z</Time><Position><LatitudeDegrees>48.856869</LatitudeDegrees><LongitudeDegrees>2.375403</LongitudeDegrees></Position><AltitudeMeters>34.6</AltitudeMeters><DistanceMeters>2640</DistanceMeters><HeartRateBpm><Value>140</Value></HeartRateBpm></Trackpoint>
          <Trackpoint><Time>2025-03-09T07:14:45Z</Time><Position><LatitudeDegrees>48.856735</LatitudeDegrees><LongitudeDegrees>2.375409</LongitudeDegrees></Position><AltitudeMeters>34.8</AltitudeMeters><DistanceMeters>2655</DistanceMeters><HeartRateBpm><Value>140</Value></HeartRateBpm></Trackpoint>
          <Trackpoint><Time>2025-03-09T07:14:50Z</Time><Position><LatitudeDegrees>48.856600</LatitudeDegrees><LongitudeDegrees>2.375411</LongitudeDegrees></Position><AltitudeMeters>35</AltitudeMeters><DistanceMeters>2670</DistanceMeters><HeartRateBpm><Value>140</Value></HeartRateBpm></Trackpoint>
          <Trackpoint><Time>2025-03-09T07:14:55Z</Time><Position><LatitudeDegrees>48.856465</LatitudeDegrees><LongitudeDegrees>2.375409</LongitudeDegrees></Position><AltitudeMeters>35.2</AltitudeMeters><DistanceMeters>2685</DistanceMeters><HeartRateBpm><Value>140</Value></HeartRateBpm></Trackpoint>
          <Trackpoint><Time>2025-03-09T07:15:00Z</Time><Position><LatitudeDegrees>48.856331</LatitudeDegrees><LongitudeDegrees>2.375403</LongitudeDegrees></Position><AltitudeMeters>35.4</AltitudeMeters><DistanceMeters>2700</DistanceMeters><HeartRateBpm><Value>140</Value></HeartRateBpm></Trackpoint>
          <Trackpoint><Time>2025-03-09T07:15:05Z</Time><Position><LatitudeDegrees>48.856196</LatitudeDegrees><LongitudeDegrees>2.375394</LongitudeDegrees></Position><AltitudeMeters>35.6</AltitudeMeters><DistanceMeters>2715</DistanceMeters><HeartRateBpm><Value>139</Value></HeartRateBpm></Trackpoint>
          <Trackpoint><Time>2025-03-09T07:15:10Z</Time><Position><LatitudeDegrees>48.856061</LatitudeDegrees><LongitudeDegrees>2.375382</LongitudeDegrees></Position><AltitudeMeters>35.8</AltitudeMeters><DistanceMeters>2730</DistanceMeters><HeartRateBpm><Value>139</Value></HeartRateBpm></Trackpoint>
          <Trackpoint><Time>2025-03-09T07:15:15Z</Time><Position><LatitudeDegrees>48.855927</LatitudeDegrees><LongitudeDegrees>2.375365</LongitudeDegrees></Position><AltitudeMeters>36.1</AltitudeMeters><DistanceMeters>2745</DistanceMeters><HeartRateBpm><Value>139</Value></HeartRateBpm></Trackpoint>
          <Trackpoint><Time>2025-03-09T07:15:20Z</Time><Position><LatitudeDegrees>48.855793</LatitudeDegrees><LongitudeDegrees>2.375346</LongitudeDegrees></Position><AltitudeMeters>36.3</AltitudeMeters><DistanceMeters>2760</DistanceMeters><HeartRateBpm><Value>139</Value></HeartRateBpm></Trackpoint>
          <Trackpoint><Time>2025-03-09T07:15:25Z</Time><Position><LatitudeDegrees>48.855659</LatitudeDegrees><LongitudeDegrees>2.375322</LongitudeDegrees></Position><AltitudeMeters>36.5</AltitudeMeters><DistanceMeters>2775</DistanceMeters><HeartRateBpm><Value>139</Value></HeartRateBpm></Trackpoint>
          <Trackpoint><Time>2025-03-09T07:15:30Z</Time><Position><LatitudeDegrees>48.855525</LatitudeDegrees><LongitudeDegrees>2.375295</LongitudeDegrees></Position><AltitudeMeters>36.7</AltitudeMeters><DistanceMeters>2790</DistanceMeters><HeartRateBpm><Value>139</Value></HeartRateBpm></Trackpoint>
          <Trackpoint><Time>2025-03-09T07:15:35Z</Time><Position><LatitudeDegrees>48.855392</LatitudeDegrees><LongitudeDegrees>2.375264</LongitudeDegrees></Position><AltitudeMeters>36.9</AltitudeMeters><DistanceMeters>2805</DistanceMeters><HeartRateBpm><Value>138</Value></HeartRateBpm></Trackpoint>
          <Trackpoint><Time>2025-03-09T07:15:40Z</Time><Position><LatitudeDegrees>48.855259</LatitudeDegrees><LongitudeDegrees>2.375230</LongitudeDegrees></Position><AltitudeMeters>37.1</AltitudeMeters><DistanceMeters>2820</DistanceMeters><HeartRateBpm><Value>138</Value></HeartRateBpm></Trackpoint>
          <Trackpoint><Time>2025-03-09T07:15:45Z</Time><Position><LatitudeDegrees>48.855127</LatitudeDegrees><LongitudeDegrees>2.375193</LongitudeDegrees></Position><AltitudeMeters>37.3</AltitudeMeters><DistanceMeters>2835</DistanceMeters><HeartRateBpm><Value>138</Value></HeartRateBpm></Trackpoint>
          <Trackpoint><Time>2025-03-09T07:15:50Z</Time><Position><LatitudeDegrees>48.854995</LatitudeDegrees><LongitudeDegrees>2.375151</LongitudeDegrees></Position><AltitudeMeters>37.5</AltitudeMeters><DistanceMeters>2850</DistanceMeters><HeartRateBpm><Value>138</Value></HeartRateBpm></Trackpoint>
          <Trackpoint><Time>2025-03-09T07:15:55Z</Time><Position><LatitudeDegrees>48.854863</LatitudeDegrees><LongitudeDegrees>2.375106</LongitudeDegrees></Position><AltitudeMeters>37.7</AltitudeMeters><DistanceMeters>2865</DistanceMeters><HeartRateBpm><Value>138</Value></HeartRateBpm></Trackpoint>
          <Trackpoint><Time>2025-03-09T07:16:00Z</Time><Position><LatitudeDegrees>48.854732</LatitudeDegrees><LongitudeDegrees>2.375058</LongitudeDegrees></Position><AltitudeMeters>37.8</AltitudeMeters><DistanceMeters>2880</DistanceMeters><HeartRateBpm><Value>138</Value></HeartRateBpm></Trackpoint>
          <Trackpoint><Time>2025-03-09T07:16:05Z</Time><Position><LatitudeDegrees>48.854602</LatitudeDegrees><LongitudeDegrees>2.375006</LongitudeDegrees></Position><AltitudeMeters>38</AltitudeMeters><DistanceMeters>2895</DistanceMeters><HeartRateBpm><Value>137</Value></HeartRateBpm></Trackpoint>
          <Trackpoint><Time>2025-03-09T07:16:10Z</Time><Position><LatitudeDegrees>48.854472</LatitudeDegrees><LongitudeDegrees>2.374951</LongitudeDegrees></Position><AltitudeMeters>38.2</AltitudeMeters><DistanceMeters>2910</DistanceMeters><HeartRateBpm><Value>137</Value></HeartRateBpm></Trackpoint>
          <Trackpoint><Time>2025-03-09T07:16:15Z</Time><Position><LatitudeDegrees>48.854343</LatitudeDegrees><LongitudeDegrees>2.374892</LongitudeDegrees></Position><AltitudeMeters>38.4</AltitudeMeters><DistanceMeters>2925</DistanceMeters><HeartRateBpm><Value>137</Value></HeartRateBpm></Trackpoint>
          <Trackpoint><Time>2025-03-09T07:16:20Z</Time><Position><LatitudeDegrees>48.854215</LatitudeDegrees><LongitudeDegrees>2.374830</LongitudeDegrees></Position><AltitudeMeters>38.6</AltitudeMeters><DistanceMeters>2940</DistanceMeters><HeartRateBpm><Value>137</Value></HeartRateBpm></Trackpoint>
          <Trackpoint><Time>2025-03-09T07:16:25Z</Time><Position><LatitudeDegrees>48.854087</LatitudeDegrees><LongitudeDegrees>2.374764</LongitudeDegrees></Position><AltitudeMeters>38.7</AltitudeMeters><DistanceMeters>2955</DistanceMeters><HeartRateBpm><Value>137</Value></HeartRateBpm></Trackpoint>
          <Trackpoint><Time>2025-03-09T07:16:30Z</Time><Position><LatitudeDegrees>48.853960</LatitudeDegrees><LongitudeDegrees>2.374695</LongitudeDegrees></Position><AltitudeMeters>38.9</AltitudeMeters><DistanceMeters>2970</DistanceMeters><HeartRateBpm><Value>137</Value></HeartRateBpm></Trackpoint>
          <Trackpoint><Time>2025-03-09T07:16:35Z</Time><Position><LatitudeDegrees>48.853834</LatitudeDegrees><LongitudeDegrees>2.374623</LongitudeDegrees></Position><AltitudeMeters>39.1</AltitudeMeters><DistanceMeters>2985</DistanceMeters><HeartRateBpm><Value>136</Value></HeartRateBpm></Trackpoint>
          <Trackpoint><Time>2025-03-09T07:16:40Z</Time><Position><LatitudeDegrees>48.853709</LatitudeDegrees><LongitudeDegrees>2.374547</LongitudeDegrees></Position><AltitudeMeters>39.2</AltitudeMeters><DistanceMeters>3000</DistanceMeters><HeartRateBpm><Value>136</Value></HeartRateBpm></Trackpoint>
          <Trackpoint><Time>2025-03-09T07:16:45Z</Time><Position><LatitudeDegrees>48.853585</LatitudeDegrees><LongitudeDegrees>2.374467</LongitudeDegrees></Position><AltitudeMeters>39.4</AltitudeMeters><DistanceMeters>3015</DistanceMeters><HeartRateBpm><Value>136</Value></HeartRateBpm></Trackpoint>
          <Trackpoint><Time>2025-03-09T07:16:50Z</Time><Position><LatitudeDegrees>48.853462</LatitudeDegrees><LongitudeDegrees>2.374385</LongitudeDegrees></Position><AltitudeMeters>39.5</AltitudeMeters><DistanceMeters>3030</DistanceMeters><HeartRateBpm><Value>136</Value></HeartRateBpm></Trackpoint>
          <Trackpoint><Time>2025-03-09T07:16:55Z</Time><Position><LatitudeDegrees>48.853339</LatitudeDegrees><LongitudeDegrees>2.374299</LongitudeDegrees></Position><AltitudeMeters>39.6</AltitudeMeters><DistanceMeters>3045</DistanceMeters><HeartRateBpm><Value>136</Value></HeartRateBpm></Trackpoint>
          <Trackpoint><Time>2025-03-09T07:17:00Z</Time><Position><LatitudeDegrees>48.853218</LatitudeDegrees><LongitudeDegrees>2.374210</LongitudeDegrees></Position><AltitudeMeters>39.8</AltitudeMeters><DistanceMeters>3060</DistanceMeters><HeartRateBpm><Value>136</Value></HeartRateBpm></Trackpoint>
          <Trackpoint><Time>2025-03-09T07:17:05Z</Time><Position><LatitudeDegrees>48.853098</LatitudeDegrees><LongitudeDegrees>2.374118</LongitudeDegrees></Position><AltitudeMeters>39.9</AltitudeMeters><DistanceMeters>3075</DistanceMeters><HeartRateBpm><Value>135</Value></HeartRateBpm></Trackpoint>
          <Trackpoint><Time>2025-03-09T07:17:10Z</Time><Position><LatitudeDegrees>48.852978</LatitudeDegrees><LongitudeDegrees>2.374022</LongitudeDegrees></Position><AltitudeMeters>40</AltitudeMeters><DistanceMeters>3090</DistanceMeters><HeartRateBpm><Value>135</Value></HeartRateBpm></Trackpoint>
          <Trackpoint><Time>2025-03-09T07:17:15Z</Time><Position><LatitudeDegrees>48.852860</LatitudeDegrees><LongitudeDegrees>2.373923</LongitudeDegrees></Position><AltitudeMeters>40.1</AltitudeMeters><DistanceMeters>3105</DistanceMeters><HeartRateBpm><Value>135</Value></HeartRateBpm></Trackpoint>
          <Trackpoint><Time>2025-03-09T07:17:20Z</Time><Position><LatitudeDegrees>48.852743</LatitudeDegrees><LongitudeDegrees>2.373821</LongitudeDegrees></Position><AltitudeMeters>40.2</AltitudeMeters><DistanceMeters>3120</DistanceMeters><HeartRateBpm><Value>135</Value></HeartRateBpm></Trackpoint>
          <Trackpoint><Time>2025-03-09T07:17:25Z</Time><Position><LatitudeDegrees>48.852628</LatitudeDegrees><LongitudeDegrees>2.373716</LongitudeDegrees></Position><AltitudeMeters>40.3</AltitudeMeters><DistanceMeters>3135</DistanceMeters><HeartRateBpm><Value>135</Value></HeartRateBpm></Trackpoint>
          <Trackpoint><Time>2025-03-09T07:17:30Z</Time><Position><LatitudeDegrees>48.852513</LatitudeDegrees><LongitudeDegrees>2.373608</LongitudeDegrees></Position><AltitudeMeters>40.4</AltitudeMeters><DistanceMeters>3150</DistanceMeters><HeartRateBpm><Value>135</Value></HeartRateBpm></Trackpoint>
          <Trackpoint><Time>2025-03-09T07:17:35Z</Time><Position><LatitudeDegrees>48.852400</LatitudeDegrees><LongitudeDegrees>2.373497</LongitudeDegrees></Position><AltitudeMeters>40.5</AltitudeMeters><DistanceMeters>3165</DistanceMeters><HeartRateBpm><Value>134</Value></HeartRateBpm></Trackpoint>
          <Trackpoint><Time>2025-03-09T07:17:40Z</Time><Position><LatitudeDegrees>48.852288</LatitudeDegrees><LongitudeDegrees>2.373383</LongitudeDegrees></Position><AltitudeMeters>40.6</AltitudeMeters><DistanceMeters>3180</DistanceMeters><HeartRateBpm><Value>134</Value></HeartRateBpm></Trackpoint>
          <Trackpoint><Time>2025-03-09T07:17:45Z</Time><Position><LatitudeDegrees>48.852178</LatitudeDegrees><LongitudeDegrees>2.373266</LongitudeDegrees></Position><AltitudeMeters>40.7</AltitudeMeters><DistanceMeters>3195</DistanceMeters><HeartRateBpm><Value>134</Value></HeartRateBpm></Trackpoint>
          <Trackpoint><Time>2025-03-09T07:17:50Z</Time><Position><LatitudeDegrees>48.852068</LatitudeDegrees><LongitudeDegrees>2.373146</LongitudeDegrees></Position><AltitudeMeters>40.7</AltitudeMeters><DistanceMeters>3210</DistanceMeters><HeartRateBpm><Value>134</Value></HeartRateBpm></Trackpoint>
          <Trackpoint><Time>2025-03-09T07:17:55Z</Time><Position><LatitudeDegrees>48.851961</LatitudeDegrees><LongitudeDegrees>2.373023</LongitudeDegrees></Position><AltitudeMeters>40.8</AltitudeMeters><DistanceMeters>3225</DistanceMeters><HeartRateBpm><Value>134</Value></HeartRateBpm></Trackpoint>
          <Trackpoint><Time>2025-03-09T07:18:00Z</Time><Position><LatitudeDegrees>48.851854</LatitudeDegrees><LongitudeDegrees>2.372897</LongitudeDegrees></Position><AltitudeMeters>40.8</AltitudeMeters><DistanceMeters>3240</DistanceMeters><HeartRateBpm><Value>134</Value></HeartRateBpm></Trackpoint>
          <Trackpoint><Time>2025-03-09T07:18:05Z</Time><Position><LatitudeDegrees>48.851749</LatitudeDegrees><LongitudeDegrees>2.372768</LongitudeDegrees></Position><AltitudeMeters>40.9</AltitudeMeters><DistanceMeters>3255</DistanceMeters><HeartRateBpm><Value>134</Value></HeartRateBpm></Trackpoint>
          <Trackpoint><Time>2025-03-09T07:18:10Z</Time><Position><LatitudeDegrees>48.851646</LatitudeDegrees><LongitudeDegrees>2.372637</LongitudeDegrees></Position><AltitudeMeters>40.9</AltitudeMeters><DistanceMeters>3270</DistanceMeters><HeartRateBpm><Value>134</Value></HeartRateBpm></Trackpoint>
          <Trackpoint><Time>2025-03-09T07:18:15Z</Time><Position><LatitudeDegrees>48.851544</LatitudeDegrees><LongitudeDegrees>2.372502</LongitudeDegrees></Position><AltitudeMeters>41</AltitudeMeters><DistanceMeters>3285</DistanceMeters><HeartRateBpm><Value>133</Value></HeartRateBpm></Trackpoint>
          <Trackpoint><Time>2025-03-09T07:18:20Z</Time><Position><LatitudeDegrees>48.851444</LatitudeDegrees><LongitudeDegrees>2.372365</LongitudeDegrees></Position><AltitudeMeters>41</AltitudeMeters><DistanceMeters>3300</DistanceMeters><HeartRateBpm><Value>133</Value></HeartRateBpm></Trackpoint>
          <Trackpoint><Time>2025-03-09T07:18:25Z</Time><Position><LatitudeDegrees>48.851346</LatitudeDegrees><LongitudeDegrees>2.372226</LongitudeDegrees></Position><AltitudeMeters>41</AltitudeMeters><DistanceMeters>3315</DistanceMeters><HeartRateBpm><Value>133</Value></HeartRateBpm></Trackpoint>
          <Trackpoint><Time>2025-03-09T07:18:30Z</Time><Position><LatitudeDegrees>48.851249</LatitudeDegrees><LongitudeDegrees>2.372084</LongitudeDegrees></Position><AltitudeMeters>41</AltitudeMeters><DistanceMeters>3330</DistanceMeters><HeartRateBpm><Value>133</Value></HeartRateBpm></Trackpoint>
          <Trackpoint><Time>2025-03-09T07:18:35Z</Time><Position><LatitudeDegrees>48.851153</LatitudeDegrees><LongitudeDegrees>2.371939</LongitudeDegrees></Position><AltitudeMeters>41</AltitudeMeters><DistanceMeters>3345</DistanceMeters><HeartRateBpm><Value>133</Value></HeartRateBpm></Trackpoint>
          <Trackpoint><Time>2025-03-09T07:18:40Z</Time><Position><LatitudeDegrees>48.851060</LatitudeDegrees><LongitudeDegrees>2.371791</LongitudeDegrees></Position><AltitudeMeters>41</AltitudeMeters><DistanceMeters>3360</DistanceMeters><HeartRateBpm><Value>133</Value></HeartRateBpm></Trackpoint>
          <Trackpoint><Time>2025-03-09T07:18:45Z</Time><Position><LatitudeDegrees>48.850968</LatitudeDegrees><LongitudeDegrees>2.371641</LongitudeDegrees></Position><AltitudeMeters>41</AltitudeMeters><DistanceMeters>3375</DistanceMeters><HeartRateBpm><Value>133</Value></HeartRateBpm></Trackpoint>
          <Trackpoint><Time>2025-03-09T07:18:50Z</Time><Position><LatitudeDegrees>48.850878</LatitudeDegrees><LongitudeDegrees>2.371489</LongitudeDegrees></Position><AltitudeMeters>41</AltitudeMeters><DistanceMeters>3390</DistanceMeters><HeartRateBpm><Value>133</Value></HeartRateBpm></Trackpoint>
          <Trackpoint><Time>2025-03-09T07:18:55Z</Time><Position><LatitudeDegrees>48.850789</LatitudeDegrees><LongitudeDegrees>2.371335</LongitudeDegrees></Position><AltitudeMeters>40.9</AltitudeMeters><DistanceMeters>3405</DistanceMeters><HeartRateBpm><Value>132</Value></HeartRateBpm></Trackpoint>
          <Trackpoint><Time>2025-03-09T07:19:00Z</Time><Position><LatitudeDegrees>48.850703</LatitudeDegrees><LongitudeDegrees>2.371177</LongitudeDegrees></Position><AltitudeMeters>40.9</AltitudeMeters><DistanceMeters>3420</DistanceMeters><HeartRateBpm><Value>132</Value></HeartRateBpm></Trackpoint>
          <Trackpoint><Time>2025-03-09T07:19:05Z</Time><Position><LatitudeDegrees>48.850618</LatitudeDegrees><LongitudeDegrees>2.371018</LongitudeDegrees></Position><AltitudeMeters>40.8</AltitudeMeters><DistanceMeters>3435</DistanceMeters><HeartRateBpm><Value>132</Value></HeartRateBpm></Trackpoint>
          <Trackpoint><Time>2025-03-09T07:19:10Z</Time><Position><LatitudeDegrees>48.850535</LatitudeDegrees><LongitudeDegrees>2.370857</LongitudeDegrees></Position><AltitudeMeters>40.8</AltitudeMeters><DistanceMeters>3450</DistanceMeters><HeartRateBpm><Value>132</Value></HeartRateBpm></Trackpoint>
          <Trackpoint><Time>2025-03-09T07:19:15Z</Time><Position><LatitudeDegrees>48.850454</LatitudeDegrees><LongitudeDegrees>2.370693</LongitudeDegrees></Position><AltitudeMeters>40.7</AltitudeMeters><DistanceMeters>3465</DistanceMeters><HeartRateBpm><Value>132</Value></HeartRateBpm></Trackpoint>
          <Trackpoint><Time>2025-03-09T07:19:20Z</Time><Position><LatitudeDegrees>48.850375</LatitudeDegrees><LongitudeDegrees>2.370527</LongitudeDegrees></Position><AltitudeMeters>40.7</AltitudeMeters><DistanceMeters>3480</DistanceMeters><HeartRateBpm><Value>132</Value></HeartRateBpm></Trackpoint>
          <Trackpoint><Time>2025-03-09T07:19:25Z</Time><Position><LatitudeDegrees>48.850298</LatitudeDegrees><LongitudeDegrees>2.370359</LongitudeDegrees></Position><AltitudeMeters>40.6</AltitudeMeters><DistanceMeters>3495</DistanceMeters><HeartRateBpm><Value>132</Value></HeartRateBpm></Trackpoint>
          <Trackpoint><Time>2025-03-09T07:19:30Z</Time><Position><LatitudeDegrees>48.850223</LatitudeDegrees><LongitudeDegrees>2.370189</LongitudeDegrees></Position><AltitudeMeters>40.5</AltitudeMeters><DistanceMeters>3510</DistanceMeters><HeartRateBpm><Value>132</Value></HeartRateBpm></Trackpoint>
          <Trackpoint><Time>2025-03-09T07:19:35Z</Time><Position><LatitudeDegrees>48.850150</LatitudeDegrees><LongitudeDegrees>2.370017</LongitudeDegrees></Position><AltitudeMeters>40.4</AltitudeMeters><DistanceMeters>3525</DistanceMeters><HeartRateBpm><Value>132</Value></HeartRateBpm></Trackpoint>
          <Trackpoint><Time>2025-03-09T07:19:40Z</Time><Position><LatitudeDegrees>48.850079</LatitudeDegrees><LongitudeDegrees>2.369843</LongitudeDegrees></Position><AltitudeMeters>40.3</AltitudeMeters><DistanceMeters>3540</DistanceMeters><HeartRateBpm><Value>131</Value></HeartRateBpm></Trackpoint>
          <Trackpoint><Time>2025-03-09T07:19:45Z</Time><Position><LatitudeDegrees>48.850010</LatitudeDegrees><LongitudeDegrees>2.369667</LongitudeDegrees></Position><AltitudeMeters>40.2</AltitudeMeters><DistanceMeters>3555</DistanceMeters><HeartRateBpm><Value>131</Value></HeartRateBpm></Trackpoint>
          <Trackpoint><Time>2025-03-09T07:19:50Z</Time><Position><LatitudeDegrees>48.849943</LatitudeDegrees><LongitudeDegrees>2.369489</LongitudeDegrees></Position><AltitudeMeters>40.1</AltitudeMeters><DistanceMeters>3570</DistanceMeters><HeartRateBpm><Value>131</Value></HeartRateBpm></Trackpoint>
          <Trackpoint><Time>2025-03-09T07:19:55Z</Time><Position><LatitudeDegrees>48.849878</LatitudeDegrees><LongitudeDegrees>2.369310</LongitudeDegrees></Position><AltitudeMeters>40</AltitudeMeters><DistanceMeters>3585</DistanceMeters><HeartRateBpm><Value>131</Value></HeartRateBpm></Trackpoint>
          <Trackpoint><Time>2025-03-09T07:20:00Z</Time><Position><LatitudeDegrees>48.849815</LatitudeDegrees><LongitudeDegrees>2.369129</LongitudeDegrees></Position><AltitudeMeters>39.9</AltitudeMeters><DistanceMeters>3600</DistanceMeters><HeartRateBpm><Value>131</Value></HeartRateBpm></Trackpoint>
          <Trackpoint><Time>2025-03-09T07:20:05Z</Time><Position><LatitudeDegrees>48.849754</LatitudeDegrees><LongitudeDegrees>2.368946</LongitudeDegrees></Position><AltitudeMeters>39.8</AltitudeMeters><DistanceMeters>3615</DistanceMeters><HeartRateBpm><Value>131</Value></HeartRateBpm></Trackpoint>
          <Trackpoint><Time>2025-03-09T07:20:10Z</Time><Position><LatitudeDegrees>48.849696</LatitudeDegrees><LongitudeDegrees>2.368761</LongitudeDegrees></Position><AltitudeMeters>39.6</AltitudeMeters><DistanceMeters>3630</DistanceMeters><HeartRateBpm><Value>131</Value></HeartRateBpm></Trackpoint>
          <Trackpoint><Time>2025-03-09T07:20:15Z</Time><Position><LatitudeDegrees>48.849639</LatitudeDegrees><LongitudeDegrees>2.368575</LongitudeDegrees></Position><AltitudeMeters>39.5</AltitudeMeters><DistanceMeters>3645</DistanceMeters><HeartRateBpm><Value>131</Value></HeartRateBpm></Trackpoint>
          <Trackpoint><Time>2025-03-09T07:20:20Z</Time><Position><LatitudeDegrees>48.849585</LatitudeDegrees><LongitudeDegrees>2.368388</LongitudeDegrees></Position><AltitudeMeters>39.4</AltitudeMeters><DistanceMeters>3660</DistanceMeters><HeartRateBpm><Value>131</Value></HeartRateBpm></Trackpoint>
          <Trackpoint><Time>2025-03-09T07:20:25Z</Time><Position><LatitudeDegrees>48.849533</LatitudeDegrees><LongitudeDegrees>2.368199</LongitudeDegrees></Position><AltitudeMeters>39.2</AltitudeMeters><DistanceMeters>3675</DistanceMeters><HeartRateBpm><Value>131</Value></HeartRateBpm></Trackpoint>
          <Trackpoint><Time>2025-03-09T07:20:30Z</Time><Position><LatitudeDegrees>48.849483</LatitudeDegrees><LongitudeDegrees>2.368009</LongitudeDegrees></Position><AltitudeMeters>39.1</AltitudeMeters><DistanceMeters>3690</DistanceMeters><HeartRateBpm><Value>131</Value></HeartRateBpm></Trackpoint>
          <Trackpoint><Time>2025-03-09T07:20:35Z</Time><Position><LatitudeDegrees>48.849435</LatitudeDegrees><LongitudeDegrees>2.367817</LongitudeDegrees></Position><AltitudeMeters>38.9</AltitudeMeters><DistanceMeters>3705</DistanceMeters><HeartRateBpm><Value>131</Value></HeartRateBpm></Trackpoint>
          <Trackpoint><Time>2025-03-09T07:20:40Z</Time><Position><LatitudeDegrees>48.849390</LatitudeDegrees><LongitudeDegrees>2.367624</LongitudeDegrees></Position><AltitudeMeters>38.7</AltitudeMeters><DistanceMeters>3720</DistanceMeters><HeartRateBpm><Value>131</Value></HeartRateBpm></Trackpoint>
          <Trackpoint><Time>2025-03-09T07:20:45Z</Time><Position><LatitudeDegrees>48.849346</LatitudeDegrees><LongitudeDegrees>2.367430</LongitudeDegrees></Position><AltitudeMeters>38.6</AltitudeMeters><DistanceMeters>3735</DistanceMeters><HeartRateBpm><Value>131</Value></HeartRateBpm></Trackpoint>
          <Trackpoint><Time>2025-03-09T07:20:50Z</Time><Position><LatitudeDegrees>48.849305</LatitudeDegrees><LongitudeDegrees>2.367235</LongitudeDegrees></Position><AltitudeMeters>38.4</AltitudeMeters><DistanceMeters>3750</DistanceMeters><HeartRateBpm><Value>130</Value></HeartRateBpm></Trackpoint>
          <Trackpoint><Time>2025-03-09T07:20:55Z</Time><Position><LatitudeDegrees>48.849267</LatitudeDegrees><LongitudeDegrees>2.367039</LongitudeDegrees></Position><AltitudeMeters>38.2</AltitudeMeters><DistanceMeters>3765</DistanceMeters><HeartRateBpm><Value>130</Value></HeartRateBpm></Trackpoint>
          <Trackpoint><Time>2025-03-09T07:21:00Z</Time><Position><LatitudeDegrees>48.849230</LatitudeDegrees><LongitudeDegrees>2.366842</LongitudeDegrees></Position><AltitudeMeters>38</AltitudeMeters><DistanceMeters>3781</DistanceMeters><HeartRateBpm><Value>130</Value></HeartRateBpm></Trackpoint>
          <Trackpoint><Time>2025-03-09T07:21:05Z</Time><Position><LatitudeDegrees>48.849196</LatitudeDegrees><LongitudeDegrees>2.366644</LongitudeDegrees></Position><AltitudeMeters>37.8</AltitudeMeters><DistanceMeters>3796</DistanceMeters><HeartRateBpm><Value>130</Value></HeartRateBpm></Trackpoint>
          <Trackpoint><Time>2025-03-09T07:21:10Z</Time><Position><LatitudeDegrees>48.849164</LatitudeDegrees><LongitudeDegrees>2.366445</LongitudeDegrees></Position><AltitudeMeters>37.7</AltitudeMeters><DistanceMeters>3811</DistanceMeters><HeartRateBpm><Value>130</Value></HeartRateBpm></Trackpoint>
          <Trackpoint><Time>2025-03-09T07:21:15Z</Time><Position><LatitudeDegrees>48.849135</LatitudeDegrees><LongitudeDegrees>2.366245</LongitudeDegrees></Position><AltitudeMeters>37.5</AltitudeMeters><DistanceMeters>3826</DistanceMeters><HeartRateBpm><Value>130</Value></HeartRateBpm></Trackpoint>
          <Trackpoint><Time>2025-03-09T07:21:20Z</Time><Position><LatitudeDegrees>48.849108</LatitudeDegrees><LongitudeDegrees>2.366044</LongitudeDegrees></Position><AltitudeMeters>37.3</AltitudeMeters><DistanceMeters>3841</DistanceMeters><HeartRateBpm><Value>130</Value></HeartRateBpm></Trackpoint>
          <Trackpoint><Time>2025-03-09T07:21:25Z</Time><Position><LatitudeDegrees>48.849083</LatitudeDegrees><LongitudeDegrees>2.365843</LongitudeDegrees></Position><AltitudeMeters>37.1</AltitudeMeters><DistanceMeters>3856</DistanceMeters><HeartRateBpm><Value>130</Value></HeartRateBpm></Trackpoint>
          <Trackpoint><Time>2025-03-09T07:21:30Z</Time><Position><LatitudeDegrees>48.849060</LatitudeDegrees><LongitudeDegrees>2.365641</LongitudeDegrees></Position><AltitudeMeters>36.9</AltitudeMeters><DistanceMeters>3871</DistanceMeters><HeartRateBpm><Value>130</Value></HeartRateBpm></Trackpoint>
          <Trackpoint><Time>2025-03-09T07:21:35Z</Time><Position><LatitudeDegrees>48.849040</LatitudeDegrees><LongitudeDegrees>2.365438</LongitudeDegrees></Position><AltitudeMeters>36.7</AltitudeMeters><DistanceMeters>3886</DistanceMeters><HeartRateBpm><Value>130</Value></HeartRateBpm></Trackpoint>
          <Trackpoint><Time>2025-03-09T07:21:40Z</Time><Position><LatitudeDegrees>48.849023</LatitudeDegrees><LongitudeDegrees>2.365235</LongitudeDegrees></Position><AltitudeMeters>36.5</AltitudeMeters><DistanceMeters>3901</DistanceMeters><HeartRateBpm><Value>130</Value></HeartRateBpm></Trackpoint>
          <Trackpoint><Time>2025-03-09T07:21:45Z</Time><Position><LatitudeDegrees>48.849007</LatitudeDegrees><LongitudeDegrees>2.365032</LongitudeDegrees></Position><AltitudeMeters>36.3</AltitudeMeters><DistanceMeters>3916</DistanceMeters><HeartRateBpm><Value>130</Value></HeartRateBpm></Trackpoint>
          <Trackpoint><Time>2025-03-09T07:21:50Z</Time><Position><LatitudeDegrees>48.848994</LatitudeDegrees><LongitudeDegrees>2.364828</LongitudeDegrees></Position><AltitudeMeters>36.1</AltitudeMeters><DistanceMeters>3931</DistanceMeters><HeartRateBpm><Value>130</Value></HeartRateBpm></Trackpoint>
          <Trackpoint><Time>2025-03-09T07:21:55Z</Time><Position><LatitudeDegrees>48.848983</LatitudeDegrees><LongitudeDegrees>2.364624</LongitudeDegrees></Position><AltitudeMeters>35.8</AltitudeMeters><DistanceMeters>3946</DistanceMeters><HeartRateBpm><Value>130</Value></HeartRateBpm></Trackpoint>
          <Trackpoint><Time>2025-03-09T07:22:00Z</Time><Position><LatitudeDegrees>48.848975</LatitudeDegrees><LongitudeDegrees>2.364419</LongitudeDegrees></Position><AltitudeMeters>35.6</AltitudeMeters><DistanceMeters>3961</DistanceMeters><HeartRateBpm><Value>130</Value></HeartRateBpm></Trackpoint>
          <Trackpoint><Time>2025-03-09T07:22:05Z</Time><Position><LatitudeDegrees>48.848969</LatitudeDegrees><LongitudeDegrees>2.364215</LongitudeDegrees></Position><AltitudeMeters>35.4</AltitudeMeters><DistanceMeters>3976</DistanceMeters><HeartRateBpm><Value>130</Value></HeartRateBpm></Trackpoint>
          <Trackpoint><Time>2025-03-09T07:22:10Z</Time><Position><LatitudeDegrees>48.848966</LatitudeDegrees><LongitudeDegrees>2.364010</LongitudeDegrees></Position><AltitudeMeters>35.2</AltitudeMeters><DistanceMeters>3991</DistanceMeters><HeartRateBpm><Value>130</Value></HeartRateBpm></Trackpoint>
          <Trackpoint><Time>2025-03-09T07:22:15Z</Time><Position><LatitudeDegrees>48.848964</LatitudeDegrees><LongitudeDegrees>2.363805</LongitudeDegrees></Position><AltitudeMeters>35</AltitudeMeters><DistanceMeters>4006</DistanceMeters><HeartRateBpm><Value>130</Value></HeartRateBpm></Trackpoint>
          <Trackpoint><Time>2025-03-09T07:22:20Z</Time><Position><LatitudeDegrees>48.848966</LatitudeDegrees><LongitudeDegrees>2.363600</LongitudeDegrees></Position><AltitudeMeters>34.8</AltitudeMeters><DistanceMeters>4021</DistanceMeters><HeartRateBpm><Value>130</Value></HeartRateBpm></Trackpoint>
          <Trackpoint><Time>2025-03-09T07:22:25Z</Time><Position><LatitudeDegrees>48.848969</LatitudeDegrees><LongitudeDegrees>2.363396</LongitudeDegrees></Position><AltitudeMeters>34.6</AltitudeMeters><DistanceMeters>4036</DistanceMeters><HeartRateBpm><Value>130</Value></HeartRateBpm></Trackpoint>
          <Trackpoint><Time>2025-03-09T07:22:30Z</Time><Position><LatitudeDegrees>48.848975</LatitudeDegrees><LongitudeDegrees>2.363191</LongitudeDegrees></Position><AltitudeMeters>34.4</AltitudeMeters><DistanceMeters>4051</DistanceMeters><HeartRateBpm><Value>130</Value></HeartRateBpm></Trackpoint>
          <Trackpoint><Time>2025-03-09T07:22:35Z</Time><Position><LatitudeDegrees>48.848983</LatitudeDegrees><LongitudeDegrees>2.362987</LongitudeDegrees></Position><AltitudeMeters>34.2</AltitudeMeters><DistanceMeters>4066</DistanceMeters><HeartRateBpm><Value>130</Value></HeartRateBpm></Trackpoint>
          <Trackpoint><Time>2025-03-09T07:22:40Z</Time><Position><LatitudeDegrees>48.848994</LatitudeDegrees><LongitudeDegrees>2.362782</LongitudeDegrees></Position><AltitudeMeters>33.9</AltitudeMeters><DistanceMeters>4081</DistanceMeters><HeartRateBpm><Value>130</Value></HeartRateBpm></Trackpoint>
          <Trackpoint><Time>2025-03-09T07:22:45Z</Time><Position><LatitudeDegrees>48.849007</LatitudeDegrees><LongitudeDegrees>2.362579</LongitudeDegrees></Position><AltitudeMeters>33.7</AltitudeMeters><DistanceMeters>4096</DistanceMeters><HeartRateBpm><Value>130</Value></HeartRateBpm></Trackpoint>
          <Trackpoint><Time>2025-03-09T07:22:50Z</Time><Position><LatitudeDegrees>48.849023</LatitudeDegrees><LongitudeDegrees>2.362375</LongitudeDegrees></Position><AltitudeMeters>33.5</AltitudeMeters><DistanceMeters>4111</DistanceMeters><HeartRateBpm><Value>130</Value></HeartRateBpm></Trackpoint>
          <Trackpoint><Time>2025-03-09T07:22:55Z</Time><Position><LatitudeDegrees>48.849040</LatitudeDegrees><LongitudeDegrees>2.362172</LongitudeDegrees></Position><AltitudeMeters>33.3</AltitudeMeters><DistanceMeters>4126</DistanceMeters><HeartRateBpm><Value>130</Value></HeartRateBpm></Trackpoint>
          <Trackpoint><Time>2025-03-09T07:23:00Z</Time><Position><LatitudeDegrees>48.849060</LatitudeDegrees><LongitudeDegrees>2.361970</LongitudeDegrees></Position><AltitudeMeters>33.1</AltitudeMeters><DistanceMeters>4141</DistanceMeters><HeartRateBpm><Value>130</Value></HeartRateBpm></Trackpoint>
          <Trackpoint><Time>2025-03-09T07:23:05Z</Time><Position><LatitudeDegrees>48.849083</LatitudeDegrees><LongitudeDegrees>2.361768</LongitudeDegrees></Position><AltitudeMeters>32.9</AltitudeMeters><DistanceMeters>4156</DistanceMeters><HeartRateBpm><Value>130</Value></HeartRateBpm></Trackpoint>
          <Trackpoint><Time>2025-03-09T07:23:10Z</Time><Position><LatitudeDegrees>48.849108</LatitudeDegrees><LongitudeDegrees>2.361566</LongitudeDegrees></Position><AltitudeMeters>32.7</AltitudeMeters><DistanceMeters>4171</DistanceMeters><HeartRateBpm><Value>130</Value></HeartRateBpm></Trackpoint>
          <Trackpoint><Time>2025-03-09T07:23:15Z</Time><Position><LatitudeDegrees>48.849135</LatitudeDegrees><LongitudeDegrees>2.361366</LongitudeDegrees></Position><AltitudeMeters>32.5</AltitudeMeters><DistanceMeters>4186</DistanceMeters><HeartRateBpm><Value>130</Value></HeartRateBpm></Trackpoint>
          <Trackpoint><Time>2025-03-09T07:23:20Z</Time><Position><LatitudeDegrees>48.849164</LatitudeDegrees><LongitudeDegrees>2.361166</LongitudeDegrees></Position><AltitudeMeters>32.3</AltitudeMeters><DistanceMeters>4201</DistanceMeters><HeartRateBpm><Value>130</Value></HeartRateBpm></Trackpoint>
          <Trackpoint><Time>2025-03-09T07:23:25Z</Time><Position><LatitudeDegrees>48.849196</LatitudeDegrees><LongitudeDegrees>2.360967</LongitudeDegrees></Position><AltitudeMeters>32.2</AltitudeMeters><DistanceMeters>4216</DistanceMeters><HeartRateBpm><Value>130</Value></HeartRateBpm></Trackpoint>
          <Trackpoint><Time>2025-03-09T07:23:30Z</Time><Position><LatitudeDegrees>48.849230</LatitudeDegrees><LongitudeDegrees>2.360769</LongitudeDegrees></Position><AltitudeMeters>32</AltitudeMeters><DistanceMeters>4231</DistanceMeters><HeartRateBpm><Value>130</Value></HeartRateBpm></Trackpoint>
          <Trackpoint><Time>2025-03-09T07:23:35Z</Time><Position><LatitudeDegrees>48.849267</LatitudeDegrees><LongitudeDegrees>2.360571</LongitudeDegrees></Position><AltitudeMeters>31.8</AltitudeMeters><DistanceMeters>4246</DistanceMeters><HeartRateBpm><Value>130</Value></HeartRateBpm></Trackpoint>
          <Trackpoint><Time>2025-03-09T07:23:40Z</Time><Position><LatitudeDegrees>48.849305</LatitudeDegrees><LongitudeDegrees>2.360375</LongitudeDegrees></Position><AltitudeMeters>31.6</AltitudeMeters><DistanceMeters>4261</DistanceMeters><HeartRateBpm><Value>130</Value></HeartRateBpm></Trackpoint>
          <Trackpoint><Time>2025-03-09T07:23:45Z</Time><Position><LatitudeDegrees>48.849346</LatitudeDegrees><LongitudeDegrees>2.360180</LongitudeDegrees></Position><AltitudeMeters>31.4</AltitudeMeters><DistanceMeters>4276</DistanceMeters><HeartRateBpm><Value>131</Value></HeartRateBpm></Trackpoint>
          <Trackpoint><Time>2025-03-09T07:23:50Z</Time><Position><LatitudeDegrees>48.849390</LatitudeDegrees><LongitudeDegrees>2.359986</LongitudeDegrees></Position><AltitudeMeters>31.3</AltitudeMeters><DistanceMeters>4291</DistanceMeters><HeartRateBpm><Value>131</Value></HeartRateBpm></Trackpoint>
          <Trackpoint><Time>2025-03-09T07:23:55Z</Time><Position><LatitudeDegrees>48.849435</LatitudeDegrees><LongitudeDegrees>2.359793</LongitudeDegrees></Position><AltitudeMeters>31.1</AltitudeMeters><DistanceMeters>4306</DistanceMeters><HeartRateBpm><Value>131</Value></HeartRateBpm></Trackpoint>
          <Trackpoint><Time>2025-03-09T07:24:00Z</Time><Position><LatitudeDegrees>48.849483</LatitudeDegrees><LongitudeDegrees>2.359602</LongitudeDegrees></Position><AltitudeMeters>30.9</AltitudeMeters><DistanceMeters>4321</DistanceMeters><HeartRateBpm><Value>131</Value></HeartRateBpm></Trackpoint>
          <Trackpoint><Time>2025-03-09T07:24:05Z</Time><Position><LatitudeDegrees>48.849533</LatitudeDegrees><LongitudeDegrees>2.359411</LongitudeDegrees></Position><AltitudeMeters>30.8</AltitudeMeters><DistanceMeters>4336</DistanceMeters><HeartRateBpm><Value>131</Value></HeartRateBpm></Trackpoint>
          <Trackpoint><Time>2025-03-09T07:24:10Z</Time><Position><LatitudeDegrees>48.849585</LatitudeDegrees><LongitudeDegrees>2.359223</LongitudeDegrees></Position><AltitudeMeters>30.6</AltitudeMeters><DistanceMeters>4351</DistanceMeters><HeartRateBpm><Value>131</Value></HeartRateBpm></Trackpoint>
          <Trackpoint><Time>2025-03-09T07:24:15Z</Time><Position><LatitudeDegrees>48.849639</LatitudeDegrees><LongitudeDegrees>2.359035</LongitudeDegrees></Position><AltitudeMeters>30.5</AltitudeMeters><DistanceMeters>4366</DistanceMeters><HeartRateBpm><Value>131</Value></HeartRateBpm></Trackpoint>
          <Trackpoint><Time>2025-03-09T07:24:20Z</Time><Position><LatitudeDegrees>48.849696</LatitudeDegrees><LongitudeDegrees>2.358849</LongitudeDegrees></Position><AltitudeMeters>30.4</AltitudeMeters><DistanceMeters>4381</DistanceMeters><HeartRateBpm><Value>131</Value></HeartRateBpm></Trackpoint>
          <Trackpoint><Time>2025-03-09T07:24:25Z</Time><Position><LatitudeDegrees>48.849754</LatitudeDegrees><LongitudeDegrees>2.358665</LongitudeDegrees></Position><AltitudeMeters>30.2</AltitudeMeters><DistanceMeters>4396</DistanceMeters><HeartRateBpm><Value>131</Value></HeartRateBpm></Trackpoint>
          <Trackpoint><Time>2025-03-09T07:24:30Z</Time><Position><LatitudeDegrees>48.849815</LatitudeDegrees><LongitudeDegrees>2.358482</LongitudeDegrees></Position><AltitudeMeters>30.1</AltitudeMeters><DistanceMeters>4411</DistanceMeters><HeartRateBpm><Value>131</Value></HeartRateBpm></Trackpoint>
          <Trackpoint><Time>2025-03-09T07:24:35Z</Time><Position><LatitudeDegrees>48.849878</LatitudeDegrees><LongitudeDegrees>2.358301</LongitudeDegrees></Position><AltitudeMeters>30</AltitudeMeters><DistanceMeters>4426</DistanceMeters><HeartRateBpm><Value>131</Value></HeartRateBpm></Trackpoint>
          <Trackpoint><Time>2025-03-09T07:24:40Z</Time><Position><LatitudeDegrees>48.849943</LatitudeDegrees><LongitudeDegrees>2.358121</LongitudeDegrees></Position><AltitudeMeters>29.9</AltitudeMeters><DistanceMeters>4441</DistanceMeters><HeartRateBpm><Value>131</Value></HeartRateBpm></Trackpoint>
          <Trackpoint><Time>2025-03-09T07:24:45Z</Time><Position><LatitudeDegrees>48.850010</LatitudeDegrees><LongitudeDegrees>2.357944</LongitudeDegrees></Position><AltitudeMeters>29.8</AltitudeMeters><DistanceMeters>4456</DistanceMeters><HeartRateBpm><Value>131</Value></HeartRateBpm></Trackpoint>
          <Trackpoint><Time>2025-03-09T07:24:50Z</Time><Position><LatitudeDegrees>48.850079</LatitudeDegrees><LongitudeDegrees>2.357768</LongitudeDegrees></Position><AltitudeMeters>29.7</AltitudeMeters><DistanceMeters>4471</DistanceMeters><HeartRateBpm><Value>131</Value></HeartRateBpm></Trackpoint>
          <Trackpoint><Time>2025-03-09T07:24:55Z</Time><Position><LatitudeDegrees>48.850150</LatitudeDegrees><LongitudeDegrees>2.357594</LongitudeDegrees></Position><AltitudeMeters>29.6</AltitudeMeters><DistanceMeters>4486</DistanceMeters><HeartRateBpm><Value>132</Value></HeartRateBpm></Trackpoint>
          <Trackpoint><Time>2025-03-09T07:25:00Z</Time><Position><LatitudeDegrees>48.850223</LatitudeDegrees><LongitudeDegrees>2.357422</LongitudeDegrees></Position><AltitudeMeters>29.5</AltitudeMeters><DistanceMeters>4501</DistanceMeters><HeartRateBpm><Value>132</Value></HeartRateBpm></Trackpoint>
          <Trackpoint><Time>2025-03-09T07:25:05Z</Time><Position><LatitudeDegrees>48.850298</LatitudeDegrees><LongitudeDegrees>2.357252</LongitudeDegrees></Position><AltitudeMeters>29.4</AltitudeMeters><DistanceMeters>4516</DistanceMeters><HeartRateBpm><Value>132</Value></HeartRateBpm></Trackpoint>
          <Trackpoint><Time>2025-03-09T07:25:10Z</Time><Position><LatitudeDegrees>48.850375</LatitudeDegrees><LongitudeDegrees>2.357084</LongitudeDegrees></Position><AltitudeMeters>29.3</AltitudeMeters><DistanceMeters>4531</DistanceMeters><HeartRateBpm><Value>132</Value></HeartRateBpm></Trackpoint>
          <Trackpoint><Time>2025-03-09T07:25:15Z</Time><Position><LatitudeDegrees>48.850454</LatitudeDegrees><LongitudeDegrees>2.356918</LongitudeDegrees></Position><AltitudeMeters>29.3</AltitudeMeters><DistanceMeters>4546</DistanceMeters><HeartRateBpm><Value>132</Value></HeartRateBpm></Trackpoint>
          <Trackpoint><Time>2025-03-09T07:25:20Z</Time><Position><LatitudeDegrees>48.850535</LatitudeDegrees><LongitudeDegrees>2.356754</LongitudeDegrees></Position><AltitudeMeters>29.2</AltitudeMeters><DistanceMeters>4561</DistanceMeters><HeartRateBpm><Value>132</Value></HeartRateBpm></Trackpoint>
          <Trackpoint><Time>2025-03-09T07:25:25Z</Time><Position><LatitudeDegrees>48.850618</LatitudeDegrees><LongitudeDegrees>2.356592</LongitudeDegrees></Position><AltitudeMeters>29.2</AltitudeMeters><DistanceMeters>4576</DistanceMeters><HeartRateBpm><Value>132</Value></HeartRateBpm></Trackpoint>
          <Trackpoint><Time>2025-03-09T07:25:30Z</Time><Position><LatitudeDegrees>48.850703</LatitudeDegrees><LongitudeDegrees>2.356433</LongitudeDegrees></Position><AltitudeMeters>29.1</AltitudeMeters><DistanceMeters>4591</DistanceMeters><HeartRateBpm><Value>132</Value></HeartRateBpm></Trackpoint>
          <Trackpoint><Time>2025-03-09T07:25:35Z</Time><Position><LatitudeDegrees>48.850789</LatitudeDegrees><LongitudeDegrees>2.356276</LongitudeDegrees></Position><AltitudeMeters>29.1</AltitudeMeters><DistanceMeters>4606</DistanceMeters><HeartRateBpm><Value>132</Value></HeartRateBpm></Trackpoint>
          <Trackpoint><Time>2025-03-09T07:25:40Z</Time><Position><LatitudeDegrees>48.850878</LatitudeDegrees><LongitudeDegrees>2.356121</LongitudeDegrees></Position><AltitudeMeters>29</AltitudeMeters><DistanceMeters>4621</DistanceMeters><HeartRateBpm><Value>133</Value></HeartRateBpm></Trackpoint>
          <Trackpoint><Time>2025-03-09T07:25:45Z</Time><Position><LatitudeDegrees>48.850968</LatitudeDegrees><LongitudeDegrees>2.355969</LongitudeDegrees></Position><AltitudeMeters>29</AltitudeMeters><DistanceMeters>4636</DistanceMeters><HeartRateBpm><Value>133</Value></HeartRateBpm></Trackpoint>
          <Trackpoint><Time>2025-03-09T07:25:50Z</Time><Position><LatitudeDegrees>48.851060</LatitudeDegrees><LongitudeDegrees>2.355819</LongitudeDegrees></Position><AltitudeMeters>29</AltitudeMeters><DistanceMeters>4651</DistanceMeters><HeartRateBpm><Value>133</Value></HeartRateBpm></Trackpoint>
          <Trackpoint><Time>2025-03-09T07:25:55Z</Time><Position><LatitudeDegrees>48.851153</LatitudeDegrees><LongitudeDegrees>2.355672</LongitudeDegrees></Position><AltitudeMeters>29</AltitudeMeters><DistanceMeters>4666</DistanceMeters><HeartRateBpm><Value>133</Value></HeartRateBpm></Trackpoint>
          <Trackpoint><Time>2025-03-09T07:26:00Z</Time><Position><LatitudeDegrees>48.851249</LatitudeDegrees><LongitudeDegrees>2.355527</LongitudeDegrees></Position><AltitudeMeters>29</AltitudeMeters><DistanceMeters>4681</DistanceMeters><HeartRateBpm><Value>133</Value></HeartRateBpm></Trackpoint>
          <Trackpoint><Time>2025-03-09T07:26:05Z</Time><Position><LatitudeDegrees>48.851346</LatitudeDegrees><LongitudeDegrees>2.355385</LongitudeDegrees></Position><AltitudeMeters>29</AltitudeMeters><DistanceMeters>4696</DistanceMeters><HeartRateBpm><Value>133</Value></HeartRateBpm></Trackpoint>
          <Trackpoint><Time>2025-03-09T07:26:10Z</Time><Position><LatitudeDegrees>48.851444</LatitudeDegrees><LongitudeDegrees>2.355245</LongitudeDegrees></Position><AltitudeMeters>29</AltitudeMeters><DistanceMeters>4711</DistanceMeters><HeartRateBpm><Value>133</Value></HeartRateBpm></Trackpoint>
          <Trackpoint><Time>2025-03-09T07:26:15Z</Time><Position><LatitudeDegrees>48.851544</LatitudeDegrees><LongitudeDegrees>2.355108</LongitudeDegrees></Position><AltitudeMeters>29</AltitudeMeters><DistanceMeters>4726</DistanceMeters><HeartRateBpm><Value>133</Value></HeartRateBpm></Trackpoint>
          <Trackpoint><Time>2025-03-09T07:26:20Z</Time><Position><LatitudeDegrees>48.851646</LatitudeDegrees><LongitudeDegrees>2.354974</LongitudeDegrees></Position><AltitudeMeters>29.1</AltitudeMeters><DistanceMeters>4741</DistanceMeters><HeartRateBpm><Value>134</Value></HeartRateBpm></Trackpoint>
          <Trackpoint><Time>2025-03-09T07:26:25Z</Time><Position><LatitudeDegrees>48.851749</LatitudeDegrees><LongitudeDegrees>2.354842</LongitudeDegrees></Position><AltitudeMeters>29.1</AltitudeMeters><DistanceMeters>4756</DistanceMeters><HeartRateBpm><Value>134</Value></HeartRateBpm></Trackpoint>
          <Trackpoint><Time>2025-03-09T07:26:30Z</Time><Position><LatitudeDegrees>48.851854</LatitudeDegrees><LongitudeDegrees>2.354714</LongitudeDegrees></Position><AltitudeMeters>29.2</AltitudeMeters><DistanceMeters>4771</DistanceMeters><HeartRateBpm><Value>134</Value></HeartRateBpm></Trackpoint>
          <Trackpoint><Time>2025-03-09T07:26:35Z</Time><Position><LatitudeDegrees>48.851961</LatitudeDegrees><LongitudeDegrees>2.354588</LongitudeDegrees></Position><AltitudeMeters>29.2</AltitudeMeters><DistanceMeters>4786</DistanceMeters><HeartRateBpm><Value>134</Value></HeartRateBpm></Trackpoint>
          <Trackpoint><Time>2025-03-09T07:26:40Z</Time><Position><LatitudeDegrees>48.852068</LatitudeDegrees><LongitudeDegrees>2.354465</LongitudeDegrees></Position><AltitudeMeters>29.3</AltitudeMeters><DistanceMeters>4801</DistanceMeters><HeartRateBpm><Value>134</Value></HeartRateBpm></Trackpoint>
          <Trackpoint><Time>2025-03-09T07:26:45Z</Time><Position><LatitudeDegrees>48.852178</LatitudeDegrees><LongitudeDegrees>2.354345</LongitudeDegrees></Position><AltitudeMeters>29.3</AltitudeMeters><DistanceMeters>4816</DistanceMeters><HeartRateBpm><Value>134</Value></HeartRateBpm></Trackpoint>
          <Trackpoint><Time>2025-03-09T07:26:50Z</Time><Position><LatitudeDegrees>48.852288</LatitudeDegrees><LongitudeDegrees>2.354228</LongitudeDegrees></Position><AltitudeMeters>29.4</AltitudeMeters><DistanceMeters>4831</DistanceMeters><HeartRateBpm><Value>134</Value></HeartRateBpm></Trackpoint>
          <Trackpoint><Time>2025-03-09T07:26:55Z</Time><Position><LatitudeDegrees>48.852400</LatitudeDegrees><LongitudeDegrees>2.354113</LongitudeDegrees></Position><AltitudeMeters>29.5</AltitudeMeters><DistanceMeters>4846</DistanceMeters><HeartRateBpm><Value>134</Value></HeartRateBpm></Trackpoint>
          <Trackpoint><Time>2025-03-09T07:27:00Z</Time><Position><LatitudeDegrees>48.852513</LatitudeDegrees><LongitudeDegrees>2.354002</LongitudeDegrees></Position><AltitudeMeters>29.6</AltitudeMeters><DistanceMeters>4861</DistanceMeters><HeartRateBpm><Value>135</Value></HeartRateBpm></Trackpoint>
          <Trackpoint><Time>2025-03-09T07:27:05Z</Time><Position><LatitudeDegrees>48.852628</LatitudeDegrees><LongitudeDegrees>2.353894</LongitudeDegrees></Position><AltitudeMeters>29.7</AltitudeMeters><DistanceMeters>4876</DistanceMeters><HeartRateBpm><Value>135</Value></HeartRateBpm></Trackpoint>
          <Trackpoint><Time>2025-03-09T07:27:10Z</Time><Position><LatitudeDegrees>48.852743</LatitudeDegrees><LongitudeDegrees>2.353789</LongitudeDegrees></Position><AltitudeMeters>29.8</AltitudeMeters><DistanceMeters>4891</DistanceMeters><HeartRateBpm><Value>135</Value></HeartRateBpm></Trackpoint>
          <Trackpoint><Time>2025-03-09T07:27:15Z</Time><Position><LatitudeDegrees>48.852860</LatitudeDegrees><LongitudeDegrees>2.353687</LongitudeDegrees></Position><AltitudeMeters>29.9</AltitudeMeters><DistanceMeters>4906</DistanceMeters><HeartRateBpm><Value>135</Value></HeartRateBpm></Trackpoint>
          <Trackpoint><Time>2025-03-09T07:27:20Z</Time><Position><LatitudeDegrees>48.852978</LatitudeDegrees><LongitudeDegrees>2.353588</LongitudeDegrees></Position><AltitudeMeters>30</AltitudeMeters><DistanceMeters>4921</DistanceMeters><HeartRateBpm><Value>135</Value></HeartRateBpm></Trackpoint>
          <Trackpoint><Time>2025-03-09T07:27:25Z</Time><Position><LatitudeDegrees>48.853098</LatitudeDegrees><LongitudeDegrees>2.353493</LongitudeDegrees></Position><AltitudeMeters>30.1</AltitudeMeters><DistanceMeters>4936</DistanceMeters><HeartRateBpm><Value>135</Value></HeartRateBpm></Trackpoint>
          <Trackpoint><Time>2025-03-09T07:27:30Z</Time><Position><LatitudeDegrees>48.853218</LatitudeDegrees><LongitudeDegrees>2.353401</LongitudeDegrees></Position><AltitudeMeters>30.2</AltitudeMeters><DistanceMeters>4951</DistanceMeters><HeartRateBpm><Value>136</Value></HeartRateBpm></Trackpoint>
          <Trackpoint><Time>2025-03-09T07:27:35Z</Time><Position><LatitudeDegrees>48.853339</LatitudeDegrees><LongitudeDegrees>2.353311</LongitudeDegrees></Position><AltitudeMeters>30.4</AltitudeMeters><DistanceMeters>4966</DistanceMeters><HeartRateBpm><Value>136</Value></HeartRateBpm></Trackpoint>
          <Trackpoint><Time>2025-03-09T07:27:40Z</Time><Position><LatitudeDegrees>48.853462</LatitudeDegrees><LongitudeDegrees>2.353226</LongitudeDegrees></Position><AltitudeMeters>30.5</AltitudeMeters><DistanceMeters>4981</DistanceMeters><HeartRateBpm><Value>136</Value></HeartRateBpm></Trackpoint>
          <Trackpoint><Time>2025-03-09T07:27:45Z</Time><Position><LatitudeDegrees>48.853585</LatitudeDegrees><LongitudeDegrees>2.353143</LongitudeDegrees></Position><AltitudeMeters>30.6</AltitudeMeters><DistanceMeters>4996</DistanceMeters><HeartRateBpm><Value>136</Value></HeartRateBpm></Trackpoint>
          <Trackpoint><Time>2025-03-09T07:27:50Z</Time><Position><LatitudeDegrees>48.853709</LatitudeDegrees><LongitudeDegrees>2.353064</LongitudeDegrees></Position><AltitudeMeters>30.8</AltitudeMeters><DistanceMeters>5011</DistanceMeters><HeartRateBpm><Value>136</Value></HeartRateBpm></Trackpoint>
          <Trackpoint><Time>2025-03-09T07:27:55Z</Time><Position><LatitudeDegrees>48.853834</LatitudeDegrees><LongitudeDegrees>2.352988</LongitudeDegrees></Position><AltitudeMeters>30.9</AltitudeMeters><DistanceMeters>5026</DistanceMeters><HeartRateBpm><Value>136</Value></HeartRateBpm></Trackpoint>
          <Trackpoint><Time>2025-03-09T07:28:00Z</Time><Position><LatitudeDegrees>48.853960</LatitudeDegrees><LongitudeDegrees>2.352916</LongitudeDegrees></Position><AltitudeMeters>31.1</AltitudeMeters><DistanceMeters>5041</DistanceMeters><HeartRateBpm><Value>137</Value></HeartRateBpm></Trackpoint>
          <Trackpoint><Time>2025-03-09T07:28:05Z</Time><Position><LatitudeDegrees>48.854087</LatitudeDegrees><LongitudeDegrees>2.352846</LongitudeDegrees></Position><AltitudeMeters>31.3</AltitudeMeters><DistanceMeters>5056</DistanceMeters><HeartRateBpm><Value>137</Value></HeartRateBpm></Trackpoint>
          <Trackpoint><Time>2025-03-09T07:28:10Z</Time><Position><LatitudeDegrees>48.854215</LatitudeDegrees><LongitudeDegrees>2.352781</LongitudeDegrees></Position><AltitudeMeters>31.4</AltitudeMeters><DistanceMeters>5071</DistanceMeters><HeartRateBpm><Value>137</Value></HeartRateBpm></Trackpoint>
          <Trackpoint><Time>2025-03-09T07:28:15Z</Time><Position><LatitudeDegrees>48.854343</LatitudeDegrees><LongitudeDegrees>2.352718</LongitudeDegrees></Position><AltitudeMeters>31.6</AltitudeMeters><DistanceMeters>5086</DistanceMeters><HeartRateBpm><Value>137</Value></HeartRateBpm></Trackpoint>
          <Trackpoint><Time>2025-03-09T07:28:20Z</Time><Position><LatitudeDegrees>48.854472</LatitudeDegrees><LongitudeDegrees>2.352660</LongitudeDegrees></Position><AltitudeMeters>31.8</AltitudeMeters><DistanceMeters>5101</DistanceMeters><HeartRateBpm><Value>137</Value></HeartRateBpm></Trackpoint>
          <Trackpoint><Time>2025-03-09T07:28:25Z</Time><Position><LatitudeDegrees>48.854602</LatitudeDegrees><LongitudeDegrees>2.352604</LongitudeDegrees></Position><AltitudeMeters>32</AltitudeMeters><DistanceMeters>5116</DistanceMeters><HeartRateBpm><Value>137</Value></HeartRateBpm></Trackpoint>
          <Trackpoint><Time>2025-03-09T07:28:30Z</Time><Position><LatitudeDegrees>48.854732</LatitudeDegrees><LongitudeDegrees>2.352552</LongitudeDegrees></Position><AltitudeMeters>32.2</AltitudeMeters><DistanceMeters>5131</DistanceMeters><HeartRateBpm><Value>138</Value></HeartRateBpm></Trackpoint>
          <Trackpoint><Time>2025-03-09T07:28:35Z</Time><Position><LatitudeDegrees>48.854863</LatitudeDegrees><LongitudeDegrees>2.352504</LongitudeDegrees></Position><AltitudeMeters>32.3</AltitudeMeters><DistanceMeters>5146</DistanceMeters><HeartRateBpm><Value>138</Value></HeartRateBpm></Trackpoint>
          <Trackpoint><Time>2025-03-09T07:28:40Z</Time><Position><LatitudeDegrees>48.854995</LatitudeDegrees><LongitudeDegrees>2.352459</LongitudeDegrees></Position><AltitudeMeters>32.5</AltitudeMeters><DistanceMeters>5161</DistanceMeters><HeartRateBpm><Value>138</Value></HeartRateBpm></Trackpoint>
          <Trackpoint><Time>2025-03-09T07:28:45Z</Time><Position><LatitudeDegrees>48.855127</LatitudeDegrees><LongitudeDegrees>2.352418</LongitudeDegrees></Position><AltitudeMeters>32.7</AltitudeMeters><DistanceMeters>5176</DistanceMeters><HeartRateBpm><Value>138</Value></HeartRateBpm></Trackpoint>
          <Trackpoint><Time>2025-03-09T07:28:50Z</Time><Position><LatitudeDegrees>48.855259</LatitudeDegrees><LongitudeDegrees>2.352380</LongitudeDegrees></Position><AltitudeMeters>32.9</AltitudeMeters><DistanceMeters>5191</DistanceMeters><HeartRateBpm><Value>138</Value></HeartRateBpm></Trackpoint>
          <Trackpoint><Time>2025-03-09T07:28:55Z</Time><Position><LatitudeDegrees>48.855392</LatitudeDegrees><LongitudeDegrees>2.352346</LongitudeDegrees></Position><AltitudeMeters>33.1</AltitudeMeters><DistanceMeters>5206</DistanceMeters><HeartRateBpm><Value>138</Value></HeartRateBpm></Trackpoint>
          <Trackpoint><Time>2025-03-09T07:29:00Z</Time><Position><LatitudeDegrees>48.855525</LatitudeDegrees><LongitudeDegrees>2.352315</LongitudeDegrees></Position><AltitudeMeters>33.3</AltitudeMeters><DistanceMeters>5221</DistanceMeters><HeartRateBpm><Value>139</Value></HeartRateBpm></Trackpoint>
          <Trackpoint><Time>2025-03-09T07:29:05Z</Time><Position><LatitudeDegrees>48.855659</LatitudeDegrees><LongitudeDegrees>2.352288</LongitudeDegrees></Position><AltitudeMeters>33.5</AltitudeMeters><DistanceMeters>5236</DistanceMeters><HeartRateBpm><Value>139</Value></HeartRateBpm></Trackpoint>
          <Trackpoint><Time>2025-03-09T07:29:10Z</Time><Position><LatitudeDegrees>48.855793</LatitudeDegrees><LongitudeDegrees>2.352265</LongitudeDegrees></Position><AltitudeMeters>33.7</AltitudeMeters><DistanceMeters>5251</DistanceMeters><HeartRateBpm><Value>139</Value></HeartRateBpm></Trackpoint>
          <Trackpoint><Time>2025-03-09T07:29:15Z</Time><Position><LatitudeDegrees>48.855927</LatitudeDegrees><LongitudeDegrees>2.352245</LongitudeDegrees></Position><AltitudeMeters>33.9</AltitudeMeters><DistanceMeters>5266</DistanceMeters><HeartRateBpm><Value>139</Value></HeartRateBpm></Trackpoint>
          <Trackpoint><Time>2025-03-09T07:29:20Z</Time><Position><LatitudeDegrees>48.856061</LatitudeDegrees><LongitudeDegrees>2.352229</LongitudeDegrees></Position><AltitudeMeters>34.2</AltitudeMeters><DistanceMeters>5281</DistanceMeters><HeartRateBpm><Value>139</Value></HeartRateBpm></Trackpoint>
          <Trackpoint><Time>2025-03-09T07:29:25Z</Time><Position><LatitudeDegrees>48.856196</LatitudeDegrees><LongitudeDegrees>2.352216</LongitudeDegrees></Position><AltitudeMeters>34.4</AltitudeMeters><DistanceMeters>5296</DistanceMeters><HeartRateBpm><Value>139</Value></HeartRateBpm></Trackpoint>
          <Trackpoint><Time>2025-03-09T07:29:30Z</Time><Position><LatitudeDegrees>48.856331</LatitudeDegrees><LongitudeDegrees>2.352207</LongitudeDegrees></Position><AltitudeMeters>34.6</AltitudeMeters><DistanceMeters>5311</DistanceMeters><HeartRateBpm><Value>140</Value></HeartRateBpm></Trackpoint>
          <Trackpoint><Time>2025-03-09T07:29:35Z</Time><Position><LatitudeDegrees>48.856465</LatitudeDegrees><LongitudeDegrees>2.352202</LongitudeDegrees></Position><AltitudeMeters>34.8</AltitudeMeters><DistanceMeters>5326</DistanceMeters><HeartRateBpm><Value>140</Value></HeartRateBpm></Trackpoint>
          <Trackpoint><Time>2025-03-09T07:29:40Z</Time><Position><LatitudeDegrees>48.856600</LatitudeDegrees><LongitudeDegrees>2.352200</LongitudeDegrees></Position><AltitudeMeters>35</AltitudeMeters><DistanceMeters>5341</DistanceMeters><HeartRateBpm><Value>140</Value></HeartRateBpm></Trackpoint>
        </Track>
      </Lap>
      <Creator><Name>Forerunner e2e</Name></Creator>
    </Activity>
  </Activities>
</TrainingCenterDatabase>
